{ "id" : 203,
  "jsonrpc" : "2.0",
  "result" : { "limits" : { "end" : 59,
          "start" : 0,
          "total" : 59
        },
      "songs" : [ { "album" : "Curtis",
            "albumartist" : [ "50 Cent" ],
            "albumartistid" : [ 3 ],
            "albumid" : 3,
            "artist" : [ "50 Cent" ],
            "artistid" : [ 3 ],
            "comment" : "",
            "disc" : 0,
            "displayartist" : "50 Cent",
            "duration" : 50,
            "fanart" : "image://http%3a%2f%2fassets.fanart.tv%2ffanart%2fmusic%2f8e68819d-71be-4e7d-b41d-f1df81b01d3f%2fartistbackground%2f50-cent-4f9a7cbeae7fe.jpg/",
            "file" : "/home/amsilva/Public/Music/50 Cent/50 Cent - Curtis - 2007/50 Cent - 01 - Intro.mp3",
            "genre" : [ "Rap" ],
            "genreid" : [ 2 ],
            "label" : "Intro",
            "lastplayed" : "",
            "lyrics" : "",
            "musicbrainzalbumartistid" : "",
            "musicbrainzalbumid" : "",
            "musicbrainzartistid" : "",
            "musicbrainztrackid" : "",
            "playcount" : 0,
            "rating" : 0,
            "songid" : 3,
            "thumbnail" : "image://%2fhome%2famsilva%2fPublic%2fMusic%2f50%20Cent%2f50%20Cent%20-%20Curtis%20-%202007%2fFolder.jpg/",
            "title" : "Intro",
            "track" : 1,
            "year" : 2007
          },
          { "album" : "Curtis",
            "albumartist" : [ "50 Cent" ],
            "albumartistid" : [ 3 ],
            "albumid" : 3,
            "artist" : [ "50 Cent" ],
            "artistid" : [ 3 ],
            "comment" : "",
            "disc" : 0,
            "displayartist" : "50 Cent",
            "duration" : 192,
            "fanart" : "image://http%3a%2f%2fassets.fanart.tv%2ffanart%2fmusic%2f8e68819d-71be-4e7d-b41d-f1df81b01d3f%2fartistbackground%2f50-cent-4f9a7cbeae7fe.jpg/",
            "file" : "/home/amsilva/Public/Music/50 Cent/50 Cent - Curtis - 2007/50 Cent - 02 - My Gun.mp3",
            "genre" : [ "Rap" ],
            "genreid" : [ 2 ],
            "label" : "My Gun (Prod by Adam Deitch & Eric Krasno)",
            "lastplayed" : "",
            "lyrics" : "",
            "musicbrainzalbumartistid" : "",
            "musicbrainzalbumid" : "",
            "musicbrainzartistid" : "",
            "musicbrainztrackid" : "",
            "playcount" : 0,
            "rating" : 0,
            "songid" : 4,
            "thumbnail" : "image://%2fhome%2famsilva%2fPublic%2fMusic%2f50%20Cent%2f50%20Cent%20-%20Curtis%20-%202007%2fFolder.jpg/",
            "title" : "My Gun (Prod by Adam Deitch & Eric Krasno)",
            "track" : 2,
            "year" : 2007
          },
          { "album" : "Curtis",
            "albumartist" : [ "50 Cent" ],
            "albumartistid" : [ 3 ],
            "albumid" : 3,
            "artist" : [ "50 Cent" ],
            "artistid" : [ 3 ],
            "comment" : "",
            "disc" : 0,
            "displayartist" : "50 Cent",
            "duration" : 169,
            "fanart" : "image://http%3a%2f%2fassets.fanart.tv%2ffanart%2fmusic%2f8e68819d-71be-4e7d-b41d-f1df81b01d3f%2fartistbackground%2f50-cent-4f9a7cbeae7fe.jpg/",
            "file" : "/home/amsilva/Public/Music/50 Cent/50 Cent - Curtis - 2007/50 Cent - 03 - Man Down.mp3",
            "genre" : [ "Rap" ],
            "genreid" : [ 2 ],
            "label" : "Man Down (Prod by Detroit Red & Don Cannon)",
            "lastplayed" : "",
            "lyrics" : "",
            "musicbrainzalbumartistid" : "",
            "musicbrainzalbumid" : "",
            "musicbrainzartistid" : "",
            "musicbrainztrackid" : "",
            "playcount" : 0,
            "rating" : 0,
            "songid" : 5,
            "thumbnail" : "image://%2fhome%2famsilva%2fPublic%2fMusic%2f50%20Cent%2f50%20Cent%20-%20Curtis%20-%202007%2fFolder.jpg/",
            "title" : "Man Down (Prod by Detroit Red & Don Cannon)",
            "track" : 3,
            "year" : 2007
          },
          { "album" : "Curtis",
            "albumartist" : [ "50 Cent" ],
            "albumartistid" : [ 3 ],
            "albumid" : 3,
            "artist" : [ "50 Cent" ],
            "artistid" : [ 3 ],
            "comment" : "",
            "disc" : 0,
            "displayartist" : "50 Cent",
            "duration" : 223,
            "fanart" : "image://http%3a%2f%2fassets.fanart.tv%2ffanart%2fmusic%2f8e68819d-71be-4e7d-b41d-f1df81b01d3f%2fartistbackground%2f50-cent-4f9a7cbeae7fe.jpg/",
            "file" : "/home/amsilva/Public/Music/50 Cent/50 Cent - Curtis - 2007/50 Cent - 04 - I'll Still Kill.mp3",
            "genre" : [ "Rap" ],
            "genreid" : [ 2 ],
            "label" : "I'll Still Kill (Feat. Akon) (Prod by DJ Khalil)",
            "lastplayed" : "",
            "lyrics" : "",
            "musicbrainzalbumartistid" : "",
            "musicbrainzalbumid" : "",
            "musicbrainzartistid" : "",
            "musicbrainztrackid" : "",
            "playcount" : 0,
            "rating" : 0,
            "songid" : 6,
            "thumbnail" : "image://%2fhome%2famsilva%2fPublic%2fMusic%2f50%20Cent%2f50%20Cent%20-%20Curtis%20-%202007%2fFolder.jpg/",
            "title" : "I'll Still Kill (Feat. Akon) (Prod by DJ Khalil)",
            "track" : 4,
            "year" : 2007
          },
          { "album" : "Curtis",
            "albumartist" : [ "50 Cent" ],
            "albumartistid" : [ 3 ],
            "albumid" : 3,
            "artist" : [ "50 Cent" ],
            "artistid" : [ 3 ],
            "comment" : "",
            "disc" : 0,
            "displayartist" : "50 Cent",
            "duration" : 223,
            "fanart" : "image://http%3a%2f%2fassets.fanart.tv%2ffanart%2fmusic%2f8e68819d-71be-4e7d-b41d-f1df81b01d3f%2fartistbackground%2f50-cent-4f9a7cbeae7fe.jpg/",
            "file" : "/home/amsilva/Public/Music/50 Cent/50 Cent - Curtis - 2007/50 Cent - 05 - I Get Money.mp3",
            "genre" : [ "Rap" ],
            "genreid" : [ 2 ],
            "label" : "I Get Money (Prod by Apex)",
            "lastplayed" : "",
            "lyrics" : "",
            "musicbrainzalbumartistid" : "",
            "musicbrainzalbumid" : "",
            "musicbrainzartistid" : "",
            "musicbrainztrackid" : "",
            "playcount" : 0,
            "rating" : 0,
            "songid" : 7,
            "thumbnail" : "image://%2fhome%2famsilva%2fPublic%2fMusic%2f50%20Cent%2f50%20Cent%20-%20Curtis%20-%202007%2fFolder.jpg/",
            "title" : "I Get Money (Prod by Apex)",
            "track" : 5,
            "year" : 2007
          },
          { "album" : "Curtis",
            "albumartist" : [ "50 Cent" ],
            "albumartistid" : [ 3 ],
            "albumid" : 3,
            "artist" : [ "50 Cent" ],
            "artistid" : [ 3 ],
            "comment" : "",
            "disc" : 0,
            "displayartist" : "50 Cent",
            "duration" : 208,
            "fanart" : "image://http%3a%2f%2fassets.fanart.tv%2ffanart%2fmusic%2f8e68819d-71be-4e7d-b41d-f1df81b01d3f%2fartistbackground%2f50-cent-4f9a7cbeae7fe.jpg/",
            "file" : "/home/amsilva/Public/Music/50 Cent/50 Cent - Curtis - 2007/50 Cent - 06 - Come and Go.mp3",
            "genre" : [ "Rap" ],
            "genreid" : [ 2 ],
            "label" : "Come And Go (Prod by Veto & Roomio)",
            "lastplayed" : "",
            "lyrics" : "",
            "musicbrainzalbumartistid" : "",
            "musicbrainzalbumid" : "",
            "musicbrainzartistid" : "",
            "musicbrainztrackid" : "",
            "playcount" : 0,
            "rating" : 0,
            "songid" : 8,
            "thumbnail" : "image://%2fhome%2famsilva%2fPublic%2fMusic%2f50%20Cent%2f50%20Cent%20-%20Curtis%20-%202007%2fFolder.jpg/",
            "title" : "Come And Go (Prod by Veto & Roomio)",
            "track" : 6,
            "year" : 2007
          },
          { "album" : "Curtis",
            "albumartist" : [ "50 Cent" ],
            "albumartistid" : [ 3 ],
            "albumid" : 3,
            "artist" : [ "50 Cent" ],
            "artistid" : [ 3 ],
            "comment" : "",
            "disc" : 0,
            "displayartist" : "50 Cent",
            "duration" : 248,
            "fanart" : "image://http%3a%2f%2fassets.fanart.tv%2ffanart%2fmusic%2f8e68819d-71be-4e7d-b41d-f1df81b01d3f%2fartistbackground%2f50-cent-4f9a7cbeae7fe.jpg/",
            "file" : "/home/amsilva/Public/Music/50 Cent/50 Cent - Curtis - 2007/50 Cent - 07 - Ayo Technology.mp3",
            "genre" : [ "Rap" ],
            "genreid" : [ 2 ],
            "label" : "Ayo Technology (Feat. Justin Timberlake & Timbaland) (Prod by Timbaland)",
            "lastplayed" : "",
            "lyrics" : "",
            "musicbrainzalbumartistid" : "",
            "musicbrainzalbumid" : "",
            "musicbrainzartistid" : "",
            "musicbrainztrackid" : "",
            "playcount" : 0,
            "rating" : 0,
            "songid" : 9,
            "thumbnail" : "image://%2fhome%2famsilva%2fPublic%2fMusic%2f50%20Cent%2f50%20Cent%20-%20Curtis%20-%202007%2fFolder.jpg/",
            "title" : "Ayo Technology (Feat. Justin Timberlake & Timbaland) (Prod by Timbaland)",
            "track" : 7,
            "year" : 2007
          },
          { "album" : "Curtis",
            "albumartist" : [ "50 Cent" ],
            "albumartistid" : [ 3 ],
            "albumid" : 3,
            "artist" : [ "50 Cent" ],
            "artistid" : [ 3 ],
            "comment" : "",
            "disc" : 0,
            "displayartist" : "50 Cent",
            "duration" : 197,
            "fanart" : "image://http%3a%2f%2fassets.fanart.tv%2ffanart%2fmusic%2f8e68819d-71be-4e7d-b41d-f1df81b01d3f%2fartistbackground%2f50-cent-4f9a7cbeae7fe.jpg/",
            "file" : "/home/amsilva/Public/Music/50 Cent/50 Cent - Curtis - 2007/50 Cent - 08 - Follow My Lead.mp3",
            "genre" : [ "Rap" ],
            "genreid" : [ 2 ],
            "label" : "Follow My Lead (Feat. Robin Thicke) (Prod by Tha Bizness)",
            "lastplayed" : "",
            "lyrics" : "",
            "musicbrainzalbumartistid" : "",
            "musicbrainzalbumid" : "",
            "musicbrainzartistid" : "",
            "musicbrainztrackid" : "",
            "playcount" : 0,
            "rating" : 0,
            "songid" : 10,
            "thumbnail" : "image://%2fhome%2famsilva%2fPublic%2fMusic%2f50%20Cent%2f50%20Cent%20-%20Curtis%20-%202007%2fFolder.jpg/",
            "title" : "Follow My Lead (Feat. Robin Thicke) (Prod by Tha Bizness)",
            "track" : 8,
            "year" : 2007
          },
          { "album" : "Curtis",
            "albumartist" : [ "50 Cent" ],
            "albumartistid" : [ 3 ],
            "albumid" : 3,
            "artist" : [ "50 Cent" ],
            "artistid" : [ 3 ],
            "comment" : "",
            "disc" : 0,
            "displayartist" : "50 Cent",
            "duration" : 204,
            "fanart" : "image://http%3a%2f%2fassets.fanart.tv%2ffanart%2fmusic%2f8e68819d-71be-4e7d-b41d-f1df81b01d3f%2fartistbackground%2f50-cent-4f9a7cbeae7fe.jpg/",
            "file" : "/home/amsilva/Public/Music/50 Cent/50 Cent - Curtis - 2007/50 Cent - 09 - Movin' On Up.mp3",
            "genre" : [ "Rap" ],
            "genreid" : [ 2 ],
            "label" : "Movin On Up (Prod by Jake One)",
            "lastplayed" : "",
            "lyrics" : "",
            "musicbrainzalbumartistid" : "",
            "musicbrainzalbumid" : "",
            "musicbrainzartistid" : "",
            "musicbrainztrackid" : "",
            "playcount" : 0,
            "rating" : 0,
            "songid" : 11,
            "thumbnail" : "image://%2fhome%2famsilva%2fPublic%2fMusic%2f50%20Cent%2f50%20Cent%20-%20Curtis%20-%202007%2fFolder.jpg/",
            "title" : "Movin On Up (Prod by Jake One)",
            "track" : 9,
            "year" : 2007
          },
          { "album" : "Curtis",
            "albumartist" : [ "50 Cent" ],
            "albumartistid" : [ 3 ],
            "albumid" : 3,
            "artist" : [ "50 Cent" ],
            "artistid" : [ 3 ],
            "comment" : "",
            "disc" : 0,
            "displayartist" : "50 Cent",
            "duration" : 190,
            "fanart" : "image://http%3a%2f%2fassets.fanart.tv%2ffanart%2fmusic%2f8e68819d-71be-4e7d-b41d-f1df81b01d3f%2fartistbackground%2f50-cent-4f9a7cbeae7fe.jpg/",
            "file" : "/home/amsilva/Public/Music/50 Cent/50 Cent - Curtis - 2007/50 Cent - 10 - Straight to the Bank.mp3",
            "genre" : [ "Rap" ],
            "genreid" : [ 2 ],
            "label" : "Straight To The Bank (Prod by Ty Fyffe)",
            "lastplayed" : "",
            "lyrics" : "",
            "musicbrainzalbumartistid" : "",
            "musicbrainzalbumid" : "",
            "musicbrainzartistid" : "",
            "musicbrainztrackid" : "",
            "playcount" : 0,
            "rating" : 0,
            "songid" : 12,
            "thumbnail" : "image://%2fhome%2famsilva%2fPublic%2fMusic%2f50%20Cent%2f50%20Cent%20-%20Curtis%20-%202007%2fFolder.jpg/",
            "title" : "Straight To The Bank (Prod by Ty Fyffe)",
            "track" : 10,
            "year" : 2007
          },
          { "album" : "Curtis",
            "albumartist" : [ "50 Cent" ],
            "albumartistid" : [ 3 ],
            "albumid" : 3,
            "artist" : [ "50 Cent" ],
            "artistid" : [ 3 ],
            "comment" : "",
            "disc" : 0,
            "displayartist" : "50 Cent",
            "duration" : 189,
            "fanart" : "image://http%3a%2f%2fassets.fanart.tv%2ffanart%2fmusic%2f8e68819d-71be-4e7d-b41d-f1df81b01d3f%2fartistbackground%2f50-cent-4f9a7cbeae7fe.jpg/",
            "file" : "/home/amsilva/Public/Music/50 Cent/50 Cent - Curtis - 2007/50 Cent - 11 - Amusement Park.mp3",
            "genre" : [ "Rap" ],
            "genreid" : [ 2 ],
            "label" : "Amusement Park (Prod by Chris Styles)",
            "lastplayed" : "",
            "lyrics" : "",
            "musicbrainzalbumartistid" : "",
            "musicbrainzalbumid" : "",
            "musicbrainzartistid" : "",
            "musicbrainztrackid" : "",
            "playcount" : 0,
            "rating" : 0,
            "songid" : 13,
            "thumbnail" : "image://%2fhome%2famsilva%2fPublic%2fMusic%2f50%20Cent%2f50%20Cent%20-%20Curtis%20-%202007%2fFolder.jpg/",
            "title" : "Amusement Park (Prod by Chris Styles)",
            "track" : 11,
            "year" : 2007
          },
          { "album" : "Curtis",
            "albumartist" : [ "50 Cent" ],
            "albumartistid" : [ 3 ],
            "albumid" : 3,
            "artist" : [ "50 Cent" ],
            "artistid" : [ 3 ],
            "comment" : "",
            "disc" : 0,
            "displayartist" : "50 Cent",
            "duration" : 193,
            "fanart" : "image://http%3a%2f%2fassets.fanart.tv%2ffanart%2fmusic%2f8e68819d-71be-4e7d-b41d-f1df81b01d3f%2fartistbackground%2f50-cent-4f9a7cbeae7fe.jpg/",
            "file" : "/home/amsilva/Public/Music/50 Cent/50 Cent - Curtis - 2007/50 Cent - 12 - Fully Loaded Clip.mp3",
            "genre" : [ "Rap" ],
            "genreid" : [ 2 ],
            "label" : "Fully Loaded Clip (Prod by Havoc)",
            "lastplayed" : "",
            "lyrics" : "",
            "musicbrainzalbumartistid" : "",
            "musicbrainzalbumid" : "",
            "musicbrainzartistid" : "",
            "musicbrainztrackid" : "",
            "playcount" : 0,
            "rating" : 0,
            "songid" : 14,
            "thumbnail" : "image://%2fhome%2famsilva%2fPublic%2fMusic%2f50%20Cent%2f50%20Cent%20-%20Curtis%20-%202007%2fFolder.jpg/",
            "title" : "Fully Loaded Clip (Prod by Havoc)",
            "track" : 12,
            "year" : 2007
          },
          { "album" : "Curtis",
            "albumartist" : [ "50 Cent" ],
            "albumartistid" : [ 3 ],
            "albumid" : 3,
            "artist" : [ "50 Cent" ],
            "artistid" : [ 3 ],
            "comment" : "",
            "disc" : 0,
            "displayartist" : "50 Cent",
            "duration" : 232,
            "fanart" : "image://http%3a%2f%2fassets.fanart.tv%2ffanart%2fmusic%2f8e68819d-71be-4e7d-b41d-f1df81b01d3f%2fartistbackground%2f50-cent-4f9a7cbeae7fe.jpg/",
            "file" : "/home/amsilva/Public/Music/50 Cent/50 Cent - Curtis - 2007/50 Cent - 13 - Peep Show.mp3",
            "genre" : [ "Rap" ],
            "genreid" : [ 2 ],
            "label" : "Peep Show (Feat. Eminem) (Prod by Eminem)",
            "lastplayed" : "",
            "lyrics" : "",
            "musicbrainzalbumartistid" : "",
            "musicbrainzalbumid" : "",
            "musicbrainzartistid" : "",
            "musicbrainztrackid" : "",
            "playcount" : 0,
            "rating" : 0,
            "songid" : 15,
            "thumbnail" : "image://%2fhome%2famsilva%2fPublic%2fMusic%2f50%20Cent%2f50%20Cent%20-%20Curtis%20-%202007%2fFolder.jpg/",
            "title" : "Peep Show (Feat. Eminem) (Prod by Eminem)",
            "track" : 13,
            "year" : 2007
          },
          { "album" : "Curtis",
            "albumartist" : [ "50 Cent" ],
            "albumartistid" : [ 3 ],
            "albumid" : 3,
            "artist" : [ "50 Cent" ],
            "artistid" : [ 3 ],
            "comment" : "",
            "disc" : 0,
            "displayartist" : "50 Cent",
            "duration" : 169,
            "fanart" : "image://http%3a%2f%2fassets.fanart.tv%2ffanart%2fmusic%2f8e68819d-71be-4e7d-b41d-f1df81b01d3f%2fartistbackground%2f50-cent-4f9a7cbeae7fe.jpg/",
            "file" : "/home/amsilva/Public/Music/50 Cent/50 Cent - Curtis - 2007/50 Cent - 14 - Fire.mp3",
            "genre" : [ "Rap" ],
            "genreid" : [ 2 ],
            "label" : "Fire (Feat. Young Buck & Nicole Scherzinger) (Prod by Dr Dre)",
            "lastplayed" : "",
            "lyrics" : "",
            "musicbrainzalbumartistid" : "",
            "musicbrainzalbumid" : "",
            "musicbrainzartistid" : "",
            "musicbrainztrackid" : "",
            "playcount" : 0,
            "rating" : 0,
            "songid" : 16,
            "thumbnail" : "image://%2fhome%2famsilva%2fPublic%2fMusic%2f50%20Cent%2f50%20Cent%20-%20Curtis%20-%202007%2fFolder.jpg/",
            "title" : "Fire (Feat. Young Buck & Nicole Scherzinger) (Prod by Dr Dre)",
            "track" : 14,
            "year" : 2007
          },
          { "album" : "Curtis",
            "albumartist" : [ "50 Cent" ],
            "albumartistid" : [ 3 ],
            "albumid" : 3,
            "artist" : [ "50 Cent" ],
            "artistid" : [ 3 ],
            "comment" : "",
            "disc" : 0,
            "displayartist" : "50 Cent",
            "duration" : 231,
            "fanart" : "image://http%3a%2f%2fassets.fanart.tv%2ffanart%2fmusic%2f8e68819d-71be-4e7d-b41d-f1df81b01d3f%2fartistbackground%2f50-cent-4f9a7cbeae7fe.jpg/",
            "file" : "/home/amsilva/Public/Music/50 Cent/50 Cent - Curtis - 2007/50 Cent - 15 - All of Me.mp3",
            "genre" : [ "Rap" ],
            "genreid" : [ 2 ],
            "label" : "All Of Me (Feat. Mary J Blige) (Prod by Jake One)",
            "lastplayed" : "",
            "lyrics" : "",
            "musicbrainzalbumartistid" : "",
            "musicbrainzalbumid" : "",
            "musicbrainzartistid" : "",
            "musicbrainztrackid" : "",
            "playcount" : 0,
            "rating" : 0,
            "songid" : 17,
            "thumbnail" : "image://%2fhome%2famsilva%2fPublic%2fMusic%2f50%20Cent%2f50%20Cent%20-%20Curtis%20-%202007%2fFolder.jpg/",
            "title" : "All Of Me (Feat. Mary J Blige) (Prod by Jake One)",
            "track" : 15,
            "year" : 2007
          },
          { "album" : "Curtis",
            "albumartist" : [ "50 Cent" ],
            "albumartistid" : [ 3 ],
            "albumid" : 3,
            "artist" : [ "50 Cent" ],
            "artistid" : [ 3 ],
            "comment" : "",
            "disc" : 0,
            "displayartist" : "50 Cent",
            "duration" : 237,
            "fanart" : "image://http%3a%2f%2fassets.fanart.tv%2ffanart%2fmusic%2f8e68819d-71be-4e7d-b41d-f1df81b01d3f%2fartistbackground%2f50-cent-4f9a7cbeae7fe.jpg/",
            "file" : "/home/amsilva/Public/Music/50 Cent/50 Cent - Curtis - 2007/50 Cent - 16 - Curtis 187.mp3",
            "genre" : [ "Rap" ],
            "genreid" : [ 2 ],
            "label" : "Curtis 187 (Prod by Havoc)",
            "lastplayed" : "",
            "lyrics" : "",
            "musicbrainzalbumartistid" : "",
            "musicbrainzalbumid" : "",
            "musicbrainzartistid" : "",
            "musicbrainztrackid" : "",
            "playcount" : 0,
            "rating" : 0,
            "songid" : 18,
            "thumbnail" : "image://%2fhome%2famsilva%2fPublic%2fMusic%2f50%20Cent%2f50%20Cent%20-%20Curtis%20-%202007%2fFolder.jpg/",
            "title" : "Curtis 187 (Prod by Havoc)",
            "track" : 16,
            "year" : 2007
          },
          { "album" : "Curtis",
            "albumartist" : [ "50 Cent" ],
            "albumartistid" : [ 3 ],
            "albumid" : 3,
            "artist" : [ "50 Cent" ],
            "artistid" : [ 3 ],
            "comment" : "",
            "disc" : 0,
            "displayartist" : "50 Cent",
            "duration" : 190,
            "fanart" : "image://http%3a%2f%2fassets.fanart.tv%2ffanart%2fmusic%2f8e68819d-71be-4e7d-b41d-f1df81b01d3f%2fartistbackground%2f50-cent-4f9a7cbeae7fe.jpg/",
            "file" : "/home/amsilva/Public/Music/50 Cent/50 Cent - Curtis - 2007/50 Cent - 17 - Touch the Sky.mp3",
            "genre" : [ "Rap" ],
            "genreid" : [ 2 ],
            "label" : "Touch The Sky (Feat. Tony Yayo) (Prod by K Lassik)",
            "lastplayed" : "",
            "lyrics" : "",
            "musicbrainzalbumartistid" : "",
            "musicbrainzalbumid" : "",
            "musicbrainzartistid" : "",
            "musicbrainztrackid" : "",
            "playcount" : 0,
            "rating" : 0,
            "songid" : 19,
            "thumbnail" : "image://%2fhome%2famsilva%2fPublic%2fMusic%2f50%20Cent%2f50%20Cent%20-%20Curtis%20-%202007%2fFolder.jpg/",
            "title" : "Touch The Sky (Feat. Tony Yayo) (Prod by K Lassik)",
            "track" : 17,
            "year" : 2007
          },
          { "album" : "Get Rich or Die Tryin'",
            "albumartist" : [ "50 Cent" ],
            "albumartistid" : [ 3 ],
            "albumid" : 4,
            "artist" : [ "50 Cent" ],
            "artistid" : [ 3 ],
            "comment" : "                            ",
            "disc" : 0,
            "displayartist" : "50 Cent",
            "duration" : 40,
            "fanart" : "image://http%3a%2f%2fassets.fanart.tv%2ffanart%2fmusic%2f8e68819d-71be-4e7d-b41d-f1df81b01d3f%2fartistbackground%2f50-cent-4f9a7cbeae7fe.jpg/",
            "file" : "/home/amsilva/Public/Music/50 Cent/50 Cent - Get Rich or Die Tryin' - 2003/50 Cent - 01 - Intro - Get Rich or Die Tryin'.mp3",
            "genre" : [ "Rap & Hip-Hop" ],
            "genreid" : [ 3 ],
            "label" : "Intro",
            "lastplayed" : "",
            "lyrics" : "",
            "musicbrainzalbumartistid" : "",
            "musicbrainzalbumid" : "",
            "musicbrainzartistid" : "",
            "musicbrainztrackid" : "",
            "playcount" : 0,
            "rating" : 0,
            "songid" : 20,
            "thumbnail" : "image://%2fhome%2famsilva%2fPublic%2fMusic%2f50%20Cent%2f50%20Cent%20-%20Get%20Rich%20or%20Die%20Tryin%27%20-%202003%2fFolder.jpg/",
            "title" : "Intro",
            "track" : 1,
            "year" : 2003
          },
          { "album" : "Get Rich or Die Tryin'",
            "albumartist" : [ "50 Cent" ],
            "albumartistid" : [ 3 ],
            "albumid" : 4,
            "artist" : [ "50 Cent" ],
            "artistid" : [ 3 ],
            "comment" : "                            ",
            "disc" : 0,
            "displayartist" : "50 Cent",
            "duration" : 179,
            "fanart" : "image://http%3a%2f%2fassets.fanart.tv%2ffanart%2fmusic%2f8e68819d-71be-4e7d-b41d-f1df81b01d3f%2fartistbackground%2f50-cent-4f9a7cbeae7fe.jpg/",
            "file" : "/home/amsilva/Public/Music/50 Cent/50 Cent - Get Rich or Die Tryin' - 2003/50 Cent - 02 - What Up Gangsta - Get Rich or Die Tryin'.mp3",
            "genre" : [ "Rap & Hip-Hop" ],
            "genreid" : [ 3 ],
            "label" : "What Up Gangsta",
            "lastplayed" : "",
            "lyrics" : "",
            "musicbrainzalbumartistid" : "",
            "musicbrainzalbumid" : "",
            "musicbrainzartistid" : "",
            "musicbrainztrackid" : "",
            "playcount" : 0,
            "rating" : 0,
            "songid" : 21,
            "thumbnail" : "image://%2fhome%2famsilva%2fPublic%2fMusic%2f50%20Cent%2f50%20Cent%20-%20Get%20Rich%20or%20Die%20Tryin%27%20-%202003%2fFolder.jpg/",
            "title" : "What Up Gangsta",
            "track" : 2,
            "year" : 2003
          },
          { "album" : "Get Rich or Die Tryin'",
            "albumartist" : [ "50 Cent" ],
            "albumartistid" : [ 3 ],
            "albumid" : 4,
            "artist" : [ "50 Cent" ],
            "artistid" : [ 3 ],
            "comment" : "                            ",
            "disc" : 0,
            "displayartist" : "50 Cent",
            "duration" : 0,
            "fanart" : "image://http%3a%2f%2fassets.fanart.tv%2ffanart%2fmusic%2f8e68819d-71be-4e7d-b41d-f1df81b01d3f%2fartistbackground%2f50-cent-4f9a7cbeae7fe.jpg/",
            "file" : "/home/amsilva/Public/Music/50 Cent/50 Cent - Get Rich or Die Tryin' - 2003/50 Cent - 03 - Patiently Waiting - Get Rich or Die Tryin'.mp3",
            "genre" : [ "Rap & Hip-Hop" ],
            "genreid" : [ 3 ],
            "label" : "Patiently Waiting",
            "lastplayed" : "",
            "lyrics" : "",
            "musicbrainzalbumartistid" : "",
            "musicbrainzalbumid" : "",
            "musicbrainzartistid" : "",
            "musicbrainztrackid" : "",
            "playcount" : 0,
            "rating" : 0,
            "songid" : 22,
            "thumbnail" : "image://%2fhome%2famsilva%2fPublic%2fMusic%2f50%20Cent%2f50%20Cent%20-%20Get%20Rich%20or%20Die%20Tryin%27%20-%202003%2fFolder.jpg/",
            "title" : "Patiently Waiting",
            "track" : 3,
            "year" : 2003
          },
          { "album" : "Get Rich or Die Tryin'",
            "albumartist" : [ "50 Cent" ],
            "albumartistid" : [ 3 ],
            "albumid" : 4,
            "artist" : [ "50 Cent" ],
            "artistid" : [ 3 ],
            "comment" : "                            ",
            "disc" : 0,
            "displayartist" : "50 Cent",
            "duration" : 256,
            "fanart" : "image://http%3a%2f%2fassets.fanart.tv%2ffanart%2fmusic%2f8e68819d-71be-4e7d-b41d-f1df81b01d3f%2fartistbackground%2f50-cent-4f9a7cbeae7fe.jpg/",
            "file" : "/home/amsilva/Public/Music/50 Cent/50 Cent - Get Rich or Die Tryin' - 2003/50 Cent - 04 - Many Men - Get Rich or Die Tryin'.mp3",
            "genre" : [ "Rap & Hip-Hop" ],
            "genreid" : [ 3 ],
            "label" : "Many Men (Wish Death)",
            "lastplayed" : "",
            "lyrics" : "",
            "musicbrainzalbumartistid" : "",
            "musicbrainzalbumid" : "",
            "musicbrainzartistid" : "",
            "musicbrainztrackid" : "",
            "playcount" : 0,
            "rating" : 0,
            "songid" : 23,
            "thumbnail" : "image://%2fhome%2famsilva%2fPublic%2fMusic%2f50%20Cent%2f50%20Cent%20-%20Get%20Rich%20or%20Die%20Tryin%27%20-%202003%2fFolder.jpg/",
            "title" : "Many Men (Wish Death)",
            "track" : 4,
            "year" : 2003
          },
          { "album" : "Get Rich or Die Tryin'",
            "albumartist" : [ "50 Cent" ],
            "albumartistid" : [ 3 ],
            "albumid" : 4,
            "artist" : [ "50 Cent" ],
            "artistid" : [ 3 ],
            "comment" : "Http://www.Yeware.Com",
            "disc" : 0,
            "displayartist" : "50 Cent",
            "duration" : 242,
            "fanart" : "image://http%3a%2f%2fassets.fanart.tv%2ffanart%2fmusic%2f8e68819d-71be-4e7d-b41d-f1df81b01d3f%2fartistbackground%2f50-cent-4f9a7cbeae7fe.jpg/",
            "file" : "/home/amsilva/Public/Music/50 Cent/50 Cent - Get Rich or Die Tryin' - 2003/50 Cent - 05 - In Da Club - Get Rich or Die Tryin'.mp3",
            "genre" : [ "Rap & Hip-Hop" ],
            "genreid" : [ 3 ],
            "label" : "In da Club",
            "lastplayed" : "",
            "lyrics" : "",
            "musicbrainzalbumartistid" : "",
            "musicbrainzalbumid" : "",
            "musicbrainzartistid" : "",
            "musicbrainztrackid" : "",
            "playcount" : 0,
            "rating" : 0,
            "songid" : 24,
            "thumbnail" : "image://%2fhome%2famsilva%2fPublic%2fMusic%2f50%20Cent%2f50%20Cent%20-%20Get%20Rich%20or%20Die%20Tryin%27%20-%202003%2fFolder.jpg/",
            "title" : "In da Club",
            "track" : 5,
            "year" : 2003
          },
          { "album" : "Get Rich or Die Tryin'",
            "albumartist" : [ "50 Cent" ],
            "albumartistid" : [ 3 ],
            "albumid" : 4,
            "artist" : [ "50 Cent" ],
            "artistid" : [ 3 ],
            "comment" : "                            ",
            "disc" : 0,
            "displayartist" : "50 Cent",
            "duration" : 269,
            "fanart" : "image://http%3a%2f%2fassets.fanart.tv%2ffanart%2fmusic%2f8e68819d-71be-4e7d-b41d-f1df81b01d3f%2fartistbackground%2f50-cent-4f9a7cbeae7fe.jpg/",
            "file" : "/home/amsilva/Public/Music/50 Cent/50 Cent - Get Rich or Die Tryin' - 2003/50 Cent - 06 - High All The Time - Get Rich or Die Tryin'.mp3",
            "genre" : [ "Rap & Hip-Hop" ],
            "genreid" : [ 3 ],
            "label" : "High All the Time",
            "lastplayed" : "",
            "lyrics" : "",
            "musicbrainzalbumartistid" : "",
            "musicbrainzalbumid" : "",
            "musicbrainzartistid" : "",
            "musicbrainztrackid" : "",
            "playcount" : 0,
            "rating" : 0,
            "songid" : 25,
            "thumbnail" : "image://%2fhome%2famsilva%2fPublic%2fMusic%2f50%20Cent%2f50%20Cent%20-%20Get%20Rich%20or%20Die%20Tryin%27%20-%202003%2fFolder.jpg/",
            "title" : "High All the Time",
            "track" : 6,
            "year" : 2003
          },
          { "album" : "Get Rich or Die Tryin'",
            "albumartist" : [ "50 Cent" ],
            "albumartistid" : [ 3 ],
            "albumid" : 4,
            "artist" : [ "50 Cent" ],
            "artistid" : [ 3 ],
            "comment" : "                            ",
            "disc" : 0,
            "displayartist" : "50 Cent",
            "duration" : 255,
            "fanart" : "image://http%3a%2f%2fassets.fanart.tv%2ffanart%2fmusic%2f8e68819d-71be-4e7d-b41d-f1df81b01d3f%2fartistbackground%2f50-cent-4f9a7cbeae7fe.jpg/",
            "file" : "/home/amsilva/Public/Music/50 Cent/50 Cent - Get Rich or Die Tryin' - 2003/50 Cent - 07 - Heat - Get Rich or Die Tryin'.mp3",
            "genre" : [ "Rap & Hip-Hop" ],
            "genreid" : [ 3 ],
            "label" : "Heat",
            "lastplayed" : "",
            "lyrics" : "",
            "musicbrainzalbumartistid" : "",
            "musicbrainzalbumid" : "",
            "musicbrainzartistid" : "",
            "musicbrainztrackid" : "",
            "playcount" : 0,
            "rating" : 0,
            "songid" : 26,
            "thumbnail" : "image://%2fhome%2famsilva%2fPublic%2fMusic%2f50%20Cent%2f50%20Cent%20-%20Get%20Rich%20or%20Die%20Tryin%27%20-%202003%2fFolder.jpg/",
            "title" : "Heat",
            "track" : 7,
            "year" : 2003
          },
          { "album" : "Get Rich or Die Tryin'",
            "albumartist" : [ "50 Cent" ],
            "albumartistid" : [ 3 ],
            "albumid" : 4,
            "artist" : [ "50 Cent" ],
            "artistid" : [ 3 ],
            "comment" : "                            ",
            "disc" : 0,
            "displayartist" : "50 Cent",
            "duration" : 197,
            "fanart" : "image://http%3a%2f%2fassets.fanart.tv%2ffanart%2fmusic%2f8e68819d-71be-4e7d-b41d-f1df81b01d3f%2fartistbackground%2f50-cent-4f9a7cbeae7fe.jpg/",
            "file" : "/home/amsilva/Public/Music/50 Cent/50 Cent - Get Rich or Die Tryin' - 2003/50 Cent - 08 - If I Can't - Get Rich or Die Tryin'.mp3",
            "genre" : [ "Rap & Hip-Hop" ],
            "genreid" : [ 3 ],
            "label" : "If I Can't",
            "lastplayed" : "",
            "lyrics" : "",
            "musicbrainzalbumartistid" : "",
            "musicbrainzalbumid" : "",
            "musicbrainzartistid" : "",
            "musicbrainztrackid" : "",
            "playcount" : 0,
            "rating" : 0,
            "songid" : 27,
            "thumbnail" : "image://%2fhome%2famsilva%2fPublic%2fMusic%2f50%20Cent%2f50%20Cent%20-%20Get%20Rich%20or%20Die%20Tryin%27%20-%202003%2fFolder.jpg/",
            "title" : "If I Can't",
            "track" : 8,
            "year" : 2003
          },
          { "album" : "Get Rich or Die Tryin'",
            "albumartist" : [ "50 Cent" ],
            "albumartistid" : [ 3 ],
            "albumid" : 4,
            "artist" : [ "50 Cent" ],
            "artistid" : [ 3 ],
            "comment" : "                            ",
            "disc" : 0,
            "displayartist" : "50 Cent",
            "duration" : 0,
            "fanart" : "image://http%3a%2f%2fassets.fanart.tv%2ffanart%2fmusic%2f8e68819d-71be-4e7d-b41d-f1df81b01d3f%2fartistbackground%2f50-cent-4f9a7cbeae7fe.jpg/",
            "file" : "/home/amsilva/Public/Music/50 Cent/50 Cent - Get Rich or Die Tryin' - 2003/50 Cent - 09 - Blood Hound - Get Rich or Die Tryin'.mp3",
            "genre" : [ "Rap & Hip-Hop" ],
            "genreid" : [ 3 ],
            "label" : "Blood Hound",
            "lastplayed" : "",
            "lyrics" : "",
            "musicbrainzalbumartistid" : "",
            "musicbrainzalbumid" : "",
            "musicbrainzartistid" : "",
            "musicbrainztrackid" : "",
            "playcount" : 0,
            "rating" : 0,
            "songid" : 28,
            "thumbnail" : "image://%2fhome%2famsilva%2fPublic%2fMusic%2f50%20Cent%2f50%20Cent%20-%20Get%20Rich%20or%20Die%20Tryin%27%20-%202003%2fFolder.jpg/",
            "title" : "Blood Hound",
            "track" : 9,
            "year" : 2003
          },
          { "album" : "Get Rich or Die Tryin'",
            "albumartist" : [ "50 Cent" ],
            "albumartistid" : [ 3 ],
            "albumid" : 4,
            "artist" : [ "50 Cent" ],
            "artistid" : [ 3 ],
            "comment" : "GuN SmOkE MuSiK             ",
            "disc" : 0,
            "displayartist" : "50 Cent",
            "duration" : 221,
            "fanart" : "image://http%3a%2f%2fassets.fanart.tv%2ffanart%2fmusic%2f8e68819d-71be-4e7d-b41d-f1df81b01d3f%2fartistbackground%2f50-cent-4f9a7cbeae7fe.jpg/",
            "file" : "/home/amsilva/Public/Music/50 Cent/50 Cent - Get Rich or Die Tryin' - 2003/50 Cent - 10 - Back Down - Get Rich or Die Tryin.mp3",
            "genre" : [ "Other" ],
            "genreid" : [ 4 ],
            "label" : "Back Down",
            "lastplayed" : "",
            "lyrics" : "",
            "musicbrainzalbumartistid" : "",
            "musicbrainzalbumid" : "",
            "musicbrainzartistid" : "",
            "musicbrainztrackid" : "",
            "playcount" : 0,
            "rating" : 0,
            "songid" : 29,
            "thumbnail" : "image://%2fhome%2famsilva%2fPublic%2fMusic%2f50%20Cent%2f50%20Cent%20-%20Get%20Rich%20or%20Die%20Tryin%27%20-%202003%2fFolder.jpg/",
            "title" : "Back Down",
            "track" : 10,
            "year" : 2003
          },
          { "album" : "Get Rich or Die Tryin'",
            "albumartist" : [ "50 Cent" ],
            "albumartistid" : [ 3 ],
            "albumid" : 4,
            "artist" : [ "50 Cent" ],
            "artistid" : [ 3 ],
            "comment" : "                            ",
            "disc" : 0,
            "displayartist" : "50 Cent",
            "duration" : 250,
            "fanart" : "image://http%3a%2f%2fassets.fanart.tv%2ffanart%2fmusic%2f8e68819d-71be-4e7d-b41d-f1df81b01d3f%2fartistbackground%2f50-cent-4f9a7cbeae7fe.jpg/",
            "file" : "/home/amsilva/Public/Music/50 Cent/50 Cent - Get Rich or Die Tryin' - 2003/50 Cent - 11 - P.I.M.P. - Get Rich or Die Tryin'.mp3",
            "genre" : [ "Rap & Hip-Hop" ],
            "genreid" : [ 3 ],
            "label" : "P.I.M.P.",
            "lastplayed" : "",
            "lyrics" : "",
            "musicbrainzalbumartistid" : "",
            "musicbrainzalbumid" : "",
            "musicbrainzartistid" : "",
            "musicbrainztrackid" : "",
            "playcount" : 0,
            "rating" : 0,
            "songid" : 30,
            "thumbnail" : "image://%2fhome%2famsilva%2fPublic%2fMusic%2f50%20Cent%2f50%20Cent%20-%20Get%20Rich%20or%20Die%20Tryin%27%20-%202003%2fFolder.jpg/",
            "title" : "P.I.M.P.",
            "track" : 11,
            "year" : 2003
          },
          { "album" : "Get Rich or Die Tryin'",
            "albumartist" : [ "50 Cent" ],
            "albumartistid" : [ 3 ],
            "albumid" : 4,
            "artist" : [ "50 Cent" ],
            "artistid" : [ 3 ],
            "comment" : "                            ",
            "disc" : 0,
            "displayartist" : "50 Cent",
            "duration" : 0,
            "fanart" : "image://http%3a%2f%2fassets.fanart.tv%2ffanart%2fmusic%2f8e68819d-71be-4e7d-b41d-f1df81b01d3f%2fartistbackground%2f50-cent-4f9a7cbeae7fe.jpg/",
            "file" : "/home/amsilva/Public/Music/50 Cent/50 Cent - Get Rich or Die Tryin' - 2003/50 Cent - 12 - Like My Style - Get Rich or Die Tryin.mp3",
            "genre" : [ "Rap & Hip-Hop" ],
            "genreid" : [ 3 ],
            "label" : "Like My Style",
            "lastplayed" : "",
            "lyrics" : "",
            "musicbrainzalbumartistid" : "",
            "musicbrainzalbumid" : "",
            "musicbrainzartistid" : "",
            "musicbrainztrackid" : "",
            "playcount" : 0,
            "rating" : 0,
            "songid" : 31,
            "thumbnail" : "image://%2fhome%2famsilva%2fPublic%2fMusic%2f50%20Cent%2f50%20Cent%20-%20Get%20Rich%20or%20Die%20Tryin%27%20-%202003%2fFolder.jpg/",
            "title" : "Like My Style",
            "track" : 12,
            "year" : 2003
          },
          { "album" : "Get Rich or Die Tryin'",
            "albumartist" : [ "50 Cent" ],
            "albumartistid" : [ 3 ],
            "albumid" : 4,
            "artist" : [ "50 Cent" ],
            "artistid" : [ 3 ],
            "comment" : "                            ",
            "disc" : 0,
            "displayartist" : "50 Cent",
            "duration" : 199,
            "fanart" : "image://http%3a%2f%2fassets.fanart.tv%2ffanart%2fmusic%2f8e68819d-71be-4e7d-b41d-f1df81b01d3f%2fartistbackground%2f50-cent-4f9a7cbeae7fe.jpg/",
            "file" : "/home/amsilva/Public/Music/50 Cent/50 Cent - Get Rich or Die Tryin' - 2003/50 Cent - 13 - Poor Lil Rich - Get Rich or Die Tryin'.mp3",
            "genre" : [ "Rap & Hip-Hop" ],
            "genreid" : [ 3 ],
            "label" : "Poor Lil Rich",
            "lastplayed" : "",
            "lyrics" : "",
            "musicbrainzalbumartistid" : "",
            "musicbrainzalbumid" : "",
            "musicbrainzartistid" : "",
            "musicbrainztrackid" : "",
            "playcount" : 0,
            "rating" : 0,
            "songid" : 32,
            "thumbnail" : "image://%2fhome%2famsilva%2fPublic%2fMusic%2f50%20Cent%2f50%20Cent%20-%20Get%20Rich%20or%20Die%20Tryin%27%20-%202003%2fFolder.jpg/",
            "title" : "Poor Lil Rich",
            "track" : 13,
            "year" : 2003
          },
          { "album" : "Get Rich or Die Tryin'",
            "albumartist" : [ "50 Cent" ],
            "albumartistid" : [ 3 ],
            "albumid" : 4,
            "artist" : [ "50 Cent" ],
            "artistid" : [ 3 ],
            "comment" : "                            ",
            "disc" : 0,
            "displayartist" : "50 Cent",
            "duration" : 0,
            "fanart" : "image://http%3a%2f%2fassets.fanart.tv%2ffanart%2fmusic%2f8e68819d-71be-4e7d-b41d-f1df81b01d3f%2fartistbackground%2f50-cent-4f9a7cbeae7fe.jpg/",
            "file" : "/home/amsilva/Public/Music/50 Cent/50 Cent - Get Rich or Die Tryin' - 2003/50 Cent - 14 - 21 Questions - Get Rich or Die Tryin'.mp3",
            "genre" : [ "Rap & Hip-Hop" ],
            "genreid" : [ 3 ],
            "label" : "21 Questions",
            "lastplayed" : "",
            "lyrics" : "",
            "musicbrainzalbumartistid" : "",
            "musicbrainzalbumid" : "",
            "musicbrainzartistid" : "",
            "musicbrainztrackid" : "",
            "playcount" : 0,
            "rating" : 0,
            "songid" : 33,
            "thumbnail" : "image://%2fhome%2famsilva%2fPublic%2fMusic%2f50%20Cent%2f50%20Cent%20-%20Get%20Rich%20or%20Die%20Tryin%27%20-%202003%2fFolder.jpg/",
            "title" : "21 Questions",
            "track" : 14,
            "year" : 2003
          },
          { "album" : "Get Rich or Die Tryin'",
            "albumartist" : [ "50 Cent" ],
            "albumartistid" : [ 3 ],
            "albumid" : 4,
            "artist" : [ "50 Cent" ],
            "artistid" : [ 3 ],
            "comment" : "                            ",
            "disc" : 0,
            "displayartist" : "50 Cent",
            "duration" : 0,
            "fanart" : "image://http%3a%2f%2fassets.fanart.tv%2ffanart%2fmusic%2f8e68819d-71be-4e7d-b41d-f1df81b01d3f%2fartistbackground%2f50-cent-4f9a7cbeae7fe.jpg/",
            "file" : "/home/amsilva/Public/Music/50 Cent/50 Cent - Get Rich or Die Tryin' - 2003/50 Cent - 15 - Don't Push Me - Get Rich or Die Tryin'.mp3",
            "genre" : [ "Rap & Hip-Hop" ],
            "genreid" : [ 3 ],
            "label" : "Don't Push Me",
            "lastplayed" : "",
            "lyrics" : "",
            "musicbrainzalbumartistid" : "",
            "musicbrainzalbumid" : "",
            "musicbrainzartistid" : "",
            "musicbrainztrackid" : "",
            "playcount" : 0,
            "rating" : 0,
            "songid" : 34,
            "thumbnail" : "image://%2fhome%2famsilva%2fPublic%2fMusic%2f50%20Cent%2f50%20Cent%20-%20Get%20Rich%20or%20Die%20Tryin%27%20-%202003%2fFolder.jpg/",
            "title" : "Don't Push Me",
            "track" : 15,
            "year" : 2003
          },
          { "album" : "Get Rich or Die Tryin'",
            "albumartist" : [ "50 Cent" ],
            "albumartistid" : [ 3 ],
            "albumid" : 4,
            "artist" : [ "50 Cent" ],
            "artistid" : [ 3 ],
            "comment" : "                            ",
            "disc" : 0,
            "displayartist" : "50 Cent",
            "duration" : 241,
            "fanart" : "image://http%3a%2f%2fassets.fanart.tv%2ffanart%2fmusic%2f8e68819d-71be-4e7d-b41d-f1df81b01d3f%2fartistbackground%2f50-cent-4f9a7cbeae7fe.jpg/",
            "file" : "/home/amsilva/Public/Music/50 Cent/50 Cent - Get Rich or Die Tryin' - 2003/50 Cent - 16 - Gotta Make It To Heaven - Get Rich or Die Tryin'.mp3",
            "genre" : [ "Rap & Hip-Hop" ],
            "genreid" : [ 3 ],
            "label" : "Gotta Make It to Heaven",
            "lastplayed" : "",
            "lyrics" : "",
            "musicbrainzalbumartistid" : "",
            "musicbrainzalbumid" : "",
            "musicbrainzartistid" : "",
            "musicbrainztrackid" : "",
            "playcount" : 0,
            "rating" : 0,
            "songid" : 35,
            "thumbnail" : "image://%2fhome%2famsilva%2fPublic%2fMusic%2f50%20Cent%2f50%20Cent%20-%20Get%20Rich%20or%20Die%20Tryin%27%20-%202003%2fFolder.jpg/",
            "title" : "Gotta Make It to Heaven",
            "track" : 16,
            "year" : 2003
          },
          { "album" : "Get Rich or Die Tryin'",
            "albumartist" : [ "50 Cent" ],
            "albumartistid" : [ 3 ],
            "albumid" : 4,
            "artist" : [ "50 Cent" ],
            "artistid" : [ 3 ],
            "comment" : "                            ",
            "disc" : 0,
            "displayartist" : "50 Cent",
            "duration" : 219,
            "fanart" : "image://http%3a%2f%2fassets.fanart.tv%2ffanart%2fmusic%2f8e68819d-71be-4e7d-b41d-f1df81b01d3f%2fartistbackground%2f50-cent-4f9a7cbeae7fe.jpg/",
            "file" : "/home/amsilva/Public/Music/50 Cent/50 Cent - Get Rich or Die Tryin' - 2003/50 Cent - 17 - Wanksta - 50 Cent.mp3",
            "genre" : [ "Rap & Hip-Hop" ],
            "genreid" : [ 3 ],
            "label" : "Wanksta [*]",
            "lastplayed" : "",
            "lyrics" : "",
            "musicbrainzalbumartistid" : "",
            "musicbrainzalbumid" : "",
            "musicbrainzartistid" : "",
            "musicbrainztrackid" : "",
            "playcount" : 0,
            "rating" : 0,
            "songid" : 36,
            "thumbnail" : "image://%2fhome%2famsilva%2fPublic%2fMusic%2f50%20Cent%2f50%20Cent%20-%20Get%20Rich%20or%20Die%20Tryin%27%20-%202003%2fFolder.jpg/",
            "title" : "Wanksta [*]",
            "track" : 17,
            "year" : 2003
          },
          { "album" : "Get Rich or Die Tryin'",
            "albumartist" : [ "50 Cent" ],
            "albumartistid" : [ 3 ],
            "albumid" : 4,
            "artist" : [ "50 Cent" ],
            "artistid" : [ 3 ],
            "comment" : "                            ",
            "disc" : 0,
            "displayartist" : "50 Cent",
            "duration" : 256,
            "fanart" : "image://http%3a%2f%2fassets.fanart.tv%2ffanart%2fmusic%2f8e68819d-71be-4e7d-b41d-f1df81b01d3f%2fartistbackground%2f50-cent-4f9a7cbeae7fe.jpg/",
            "file" : "/home/amsilva/Public/Music/50 Cent/50 Cent - Get Rich or Die Tryin' - 2003/50 Cent - 18 - U Not Like Me - 50 Cent.mp3",
            "genre" : [ "Rap & Hip-Hop" ],
            "genreid" : [ 3 ],
            "label" : "U Not Like Me [*]",
            "lastplayed" : "",
            "lyrics" : "",
            "musicbrainzalbumartistid" : "",
            "musicbrainzalbumid" : "",
            "musicbrainzartistid" : "",
            "musicbrainztrackid" : "",
            "playcount" : 0,
            "rating" : 0,
            "songid" : 37,
            "thumbnail" : "image://%2fhome%2famsilva%2fPublic%2fMusic%2f50%20Cent%2f50%20Cent%20-%20Get%20Rich%20or%20Die%20Tryin%27%20-%202003%2fFolder.jpg/",
            "title" : "U Not Like Me [*]",
            "track" : 18,
            "year" : 2003
          },
          { "album" : "Get Rich or Die Tryin'",
            "albumartist" : [ "50 Cent" ],
            "albumartistid" : [ 3 ],
            "albumid" : 4,
            "artist" : [ "50 Cent" ],
            "artistid" : [ 3 ],
            "comment" : "                            ",
            "disc" : 0,
            "displayartist" : "50 Cent",
            "duration" : 218,
            "fanart" : "image://http%3a%2f%2fassets.fanart.tv%2ffanart%2fmusic%2f8e68819d-71be-4e7d-b41d-f1df81b01d3f%2fartistbackground%2f50-cent-4f9a7cbeae7fe.jpg/",
            "file" : "/home/amsilva/Public/Music/50 Cent/50 Cent - Get Rich or Die Tryin' - 2003/50 Cent - 19 - Life's On The Line - 50 Cent.mp3",
            "genre" : [ "Rap & Hip-Hop" ],
            "genreid" : [ 3 ],
            "label" : "Life's on the Line [*]",
            "lastplayed" : "",
            "lyrics" : "",
            "musicbrainzalbumartistid" : "",
            "musicbrainzalbumid" : "",
            "musicbrainzartistid" : "",
            "musicbrainztrackid" : "",
            "playcount" : 0,
            "rating" : 0,
            "songid" : 38,
            "thumbnail" : "image://%2fhome%2famsilva%2fPublic%2fMusic%2f50%20Cent%2f50%20Cent%20-%20Get%20Rich%20or%20Die%20Tryin%27%20-%202003%2fFolder.jpg/",
            "title" : "Life's on the Line [*]",
            "track" : 19,
            "year" : 2003
          },
          { "album" : "The Massacre",
            "albumartist" : [ "50 Cent" ],
            "albumartistid" : [ 3 ],
            "albumid" : 5,
            "artist" : [ "50 Cent" ],
            "artistid" : [ 3 ],
            "comment" : "",
            "disc" : 0,
            "displayartist" : "50 Cent",
            "duration" : 41,
            "fanart" : "image://http%3a%2f%2fassets.fanart.tv%2ffanart%2fmusic%2f8e68819d-71be-4e7d-b41d-f1df81b01d3f%2fartistbackground%2f50-cent-4f9a7cbeae7fe.jpg/",
            "file" : "/home/amsilva/Public/Music/50 Cent/50 Cent - Massacre - 2005/50 Cent - 01 - Intro - Massacre.mp3",
            "genre" : [ "Other" ],
            "genreid" : [ 4 ],
            "label" : "Intro",
            "lastplayed" : "",
            "lyrics" : "",
            "musicbrainzalbumartistid" : "",
            "musicbrainzalbumid" : "",
            "musicbrainzartistid" : "",
            "musicbrainztrackid" : "",
            "playcount" : 0,
            "rating" : 0,
            "songid" : 39,
            "thumbnail" : "image://%2fhome%2famsilva%2fPublic%2fMusic%2f50%20Cent%2f50%20Cent%20-%20Massacre%20-%202005%2fFolder.jpg/",
            "title" : "Intro",
            "track" : 1,
            "year" : 2005
          },
          { "album" : "The Massacre",
            "albumartist" : [ "50 Cent" ],
            "albumartistid" : [ 3 ],
            "albumid" : 5,
            "artist" : [ "50 Cent" ],
            "artistid" : [ 3 ],
            "comment" : "                            ",
            "disc" : 0,
            "displayartist" : "50 Cent",
            "duration" : 231,
            "fanart" : "image://http%3a%2f%2fassets.fanart.tv%2ffanart%2fmusic%2f8e68819d-71be-4e7d-b41d-f1df81b01d3f%2fartistbackground%2f50-cent-4f9a7cbeae7fe.jpg/",
            "file" : "/home/amsilva/Public/Music/50 Cent/50 Cent - Massacre - 2005/50 Cent - 02 - In My Hood - Massacre.mp3",
            "genre" : [ "Rap & Hip-Hop" ],
            "genreid" : [ 3 ],
            "label" : "In My Hood",
            "lastplayed" : "",
            "lyrics" : "",
            "musicbrainzalbumartistid" : "",
            "musicbrainzalbumid" : "",
            "musicbrainzartistid" : "",
            "musicbrainztrackid" : "",
            "playcount" : 0,
            "rating" : 0,
            "songid" : 40,
            "thumbnail" : "image://%2fhome%2famsilva%2fPublic%2fMusic%2f50%20Cent%2f50%20Cent%20-%20Massacre%20-%202005%2fFolder.jpg/",
            "title" : "In My Hood",
            "track" : 2,
            "year" : 2005
          },
          { "album" : "The Massacre",
            "albumartist" : [ "50 Cent" ],
            "albumartistid" : [ 3 ],
            "albumid" : 5,
            "artist" : [ "50 Cent" ],
            "artistid" : [ 3 ],
            "comment" : "",
            "disc" : 0,
            "displayartist" : "50 Cent",
            "duration" : 184,
            "fanart" : "image://http%3a%2f%2fassets.fanart.tv%2ffanart%2fmusic%2f8e68819d-71be-4e7d-b41d-f1df81b01d3f%2fartistbackground%2f50-cent-4f9a7cbeae7fe.jpg/",
            "file" : "/home/amsilva/Public/Music/50 Cent/50 Cent - Massacre - 2005/50 Cent - 03 - This is 50 - Massacre.mp3",
            "genre" : [ "Other" ],
            "genreid" : [ 4 ],
            "label" : "This Is 50",
            "lastplayed" : "",
            "lyrics" : "",
            "musicbrainzalbumartistid" : "",
            "musicbrainzalbumid" : "",
            "musicbrainzartistid" : "",
            "musicbrainztrackid" : "",
            "playcount" : 0,
            "rating" : 0,
            "songid" : 41,
            "thumbnail" : "image://%2fhome%2famsilva%2fPublic%2fMusic%2f50%20Cent%2f50%20Cent%20-%20Massacre%20-%202005%2fFolder.jpg/",
            "title" : "This Is 50",
            "track" : 3,
            "year" : 2005
          },
          { "album" : "The Massacre",
            "albumartist" : [ "50 Cent" ],
            "albumartistid" : [ 3 ],
            "albumid" : 5,
            "artist" : [ "50 Cent" ],
            "artistid" : [ 3 ],
            "comment" : "GUSoldier brought you this, remember him!!!!",
            "disc" : 0,
            "displayartist" : "50 Cent",
            "duration" : 231,
            "fanart" : "image://http%3a%2f%2fassets.fanart.tv%2ffanart%2fmusic%2f8e68819d-71be-4e7d-b41d-f1df81b01d3f%2fartistbackground%2f50-cent-4f9a7cbeae7fe.jpg/",
            "file" : "/home/amsilva/Public/Music/50 Cent/50 Cent - Massacre - 2005/50 Cent - 04 - I'm Supposed to Die Tonight - Massacre.mp3",
            "genre" : [ "Rap & Hip-Hop" ],
            "genreid" : [ 3 ],
            "label" : "I'm Supposed to Die Tonight",
            "lastplayed" : "",
            "lyrics" : "",
            "musicbrainzalbumartistid" : "",
            "musicbrainzalbumid" : "",
            "musicbrainzartistid" : "",
            "musicbrainztrackid" : "",
            "playcount" : 0,
            "rating" : 0,
            "songid" : 42,
            "thumbnail" : "image://%2fhome%2famsilva%2fPublic%2fMusic%2f50%20Cent%2f50%20Cent%20-%20Massacre%20-%202005%2fFolder.jpg/",
            "title" : "I'm Supposed to Die Tonight",
            "track" : 4,
            "year" : 2005
          },
          { "album" : "The Massacre",
            "albumartist" : [ "50 Cent" ],
            "albumartistid" : [ 3 ],
            "albumid" : 5,
            "artist" : [ "50 Cent" ],
            "artistid" : [ 3 ],
            "comment" : "",
            "disc" : 0,
            "displayartist" : "50 Cent",
            "duration" : 255,
            "fanart" : "image://http%3a%2f%2fassets.fanart.tv%2ffanart%2fmusic%2f8e68819d-71be-4e7d-b41d-f1df81b01d3f%2fartistbackground%2f50-cent-4f9a7cbeae7fe.jpg/",
            "file" : "/home/amsilva/Public/Music/50 Cent/50 Cent - Massacre - 2005/50 Cent - 05 - Piggy Bank - Massacre.mp3",
            "genre" : [ "Other" ],
            "genreid" : [ 4 ],
            "label" : "Piggy Bank",
            "lastplayed" : "",
            "lyrics" : "",
            "musicbrainzalbumartistid" : "",
            "musicbrainzalbumid" : "",
            "musicbrainzartistid" : "",
            "musicbrainztrackid" : "",
            "playcount" : 0,
            "rating" : 0,
            "songid" : 43,
            "thumbnail" : "image://%2fhome%2famsilva%2fPublic%2fMusic%2f50%20Cent%2f50%20Cent%20-%20Massacre%20-%202005%2fFolder.jpg/",
            "title" : "Piggy Bank",
            "track" : 5,
            "year" : 2005
          },
          { "album" : "The Massacre",
            "albumartist" : [ "50 Cent" ],
            "albumartistid" : [ 3 ],
            "albumid" : 5,
            "artist" : [ "50 Cent" ],
            "artistid" : [ 3 ],
            "comment" : "                            ",
            "disc" : 0,
            "displayartist" : "50 Cent",
            "duration" : 227,
            "fanart" : "image://http%3a%2f%2fassets.fanart.tv%2ffanart%2fmusic%2f8e68819d-71be-4e7d-b41d-f1df81b01d3f%2fartistbackground%2f50-cent-4f9a7cbeae7fe.jpg/",
            "file" : "/home/amsilva/Public/Music/50 Cent/50 Cent - Massacre - 2005/50 Cent - 06 - Gatman and Robin - Massacre.mp3",
            "genre" : [ "Other" ],
            "genreid" : [ 4 ],
            "label" : "Gatman And Robbin (Feat. Emine",
            "lastplayed" : "",
            "lyrics" : "",
            "musicbrainzalbumartistid" : "",
            "musicbrainzalbumid" : "",
            "musicbrainzartistid" : "",
            "musicbrainztrackid" : "",
            "playcount" : 0,
            "rating" : 0,
            "songid" : 44,
            "thumbnail" : "image://%2fhome%2famsilva%2fPublic%2fMusic%2f50%20Cent%2f50%20Cent%20-%20Massacre%20-%202005%2fFolder.jpg/",
            "title" : "Gatman And Robbin (Feat. Emine",
            "track" : 6,
            "year" : 2005
          },
          { "album" : "The Massacre",
            "albumartist" : [ "50 Cent" ],
            "albumartistid" : [ 3 ],
            "albumid" : 5,
            "artist" : [ "50 Cent" ],
            "artistid" : [ 3 ],
            "comment" : "                            ",
            "disc" : 0,
            "displayartist" : "50 Cent",
            "duration" : 209,
            "fanart" : "image://http%3a%2f%2fassets.fanart.tv%2ffanart%2fmusic%2f8e68819d-71be-4e7d-b41d-f1df81b01d3f%2fartistbackground%2f50-cent-4f9a7cbeae7fe.jpg/",
            "file" : "/home/amsilva/Public/Music/50 Cent/50 Cent - Massacre - 2005/50 Cent - 07 - Candy Shop - Massacre.mp3",
            "genre" : [ "Other" ],
            "genreid" : [ 4 ],
            "label" : "Candy Shop (Feat. Olivia)",
            "lastplayed" : "",
            "lyrics" : "",
            "musicbrainzalbumartistid" : "",
            "musicbrainzalbumid" : "",
            "musicbrainzartistid" : "",
            "musicbrainztrackid" : "",
            "playcount" : 0,
            "rating" : 0,
            "songid" : 45,
            "thumbnail" : "image://%2fhome%2famsilva%2fPublic%2fMusic%2f50%20Cent%2f50%20Cent%20-%20Massacre%20-%202005%2fFolder.jpg/",
            "title" : "Candy Shop (Feat. Olivia)",
            "track" : 7,
            "year" : 2005
          },
          { "album" : "The Massacre",
            "albumartist" : [ "50 Cent" ],
            "albumartistid" : [ 3 ],
            "albumid" : 5,
            "artist" : [ "50 Cent" ],
            "artistid" : [ 3 ],
            "comment" : "",
            "disc" : 0,
            "displayartist" : "50 Cent",
            "duration" : 202,
            "fanart" : "image://http%3a%2f%2fassets.fanart.tv%2ffanart%2fmusic%2f8e68819d-71be-4e7d-b41d-f1df81b01d3f%2fartistbackground%2f50-cent-4f9a7cbeae7fe.jpg/",
            "file" : "/home/amsilva/Public/Music/50 Cent/50 Cent - Massacre - 2005/50 Cent - 08 - Outta Control - Massacre.mp3",
            "genre" : [ "Other" ],
            "genreid" : [ 4 ],
            "label" : "Outta Control",
            "lastplayed" : "",
            "lyrics" : "",
            "musicbrainzalbumartistid" : "",
            "musicbrainzalbumid" : "",
            "musicbrainzartistid" : "",
            "musicbrainztrackid" : "",
            "playcount" : 0,
            "rating" : 0,
            "songid" : 46,
            "thumbnail" : "image://%2fhome%2famsilva%2fPublic%2fMusic%2f50%20Cent%2f50%20Cent%20-%20Massacre%20-%202005%2fFolder.jpg/",
            "title" : "Outta Control",
            "track" : 8,
            "year" : 2005
          },
          { "album" : "The Massacre",
            "albumartist" : [ "50 Cent" ],
            "albumartistid" : [ 3 ],
            "albumid" : 5,
            "artist" : [ "50 Cent" ],
            "artistid" : [ 3 ],
            "comment" : "",
            "disc" : 0,
            "displayartist" : "50 Cent",
            "duration" : 246,
            "fanart" : "image://http%3a%2f%2fassets.fanart.tv%2ffanart%2fmusic%2f8e68819d-71be-4e7d-b41d-f1df81b01d3f%2fartistbackground%2f50-cent-4f9a7cbeae7fe.jpg/",
            "file" : "/home/amsilva/Public/Music/50 Cent/50 Cent - Massacre - 2005/50 Cent - 09 - Get In My Car - Massacre.mp3",
            "genre" : [ "Other" ],
            "genreid" : [ 4 ],
            "label" : "Get In My Car",
            "lastplayed" : "",
            "lyrics" : "",
            "musicbrainzalbumartistid" : "",
            "musicbrainzalbumid" : "",
            "musicbrainzartistid" : "",
            "musicbrainztrackid" : "",
            "playcount" : 0,
            "rating" : 0,
            "songid" : 47,
            "thumbnail" : "image://%2fhome%2famsilva%2fPublic%2fMusic%2f50%20Cent%2f50%20Cent%20-%20Massacre%20-%202005%2fFolder.jpg/",
            "title" : "Get In My Car",
            "track" : 9,
            "year" : 2005
          },
          { "album" : "The Massacre",
            "albumartist" : [ "50 Cent" ],
            "albumartistid" : [ 3 ],
            "albumid" : 5,
            "artist" : [ "50 Cent" ],
            "artistid" : [ 3 ],
            "comment" : "",
            "disc" : 0,
            "displayartist" : "50 Cent",
            "duration" : 186,
            "fanart" : "image://http%3a%2f%2fassets.fanart.tv%2ffanart%2fmusic%2f8e68819d-71be-4e7d-b41d-f1df81b01d3f%2fartistbackground%2f50-cent-4f9a7cbeae7fe.jpg/",
            "file" : "/home/amsilva/Public/Music/50 Cent/50 Cent - Massacre - 2005/50 Cent - 10 - Ski Mask Way - Massacre.mp3",
            "genre" : [ "Other" ],
            "genreid" : [ 4 ],
            "label" : "Ski Mask Way",
            "lastplayed" : "",
            "lyrics" : "",
            "musicbrainzalbumartistid" : "",
            "musicbrainzalbumid" : "",
            "musicbrainzartistid" : "",
            "musicbrainztrackid" : "",
            "playcount" : 0,
            "rating" : 0,
            "songid" : 48,
            "thumbnail" : "image://%2fhome%2famsilva%2fPublic%2fMusic%2f50%20Cent%2f50%20Cent%20-%20Massacre%20-%202005%2fFolder.jpg/",
            "title" : "Ski Mask Way",
            "track" : 10,
            "year" : 2005
          },
          { "album" : "The Massacre",
            "albumartist" : [ "50 Cent" ],
            "albumartistid" : [ 3 ],
            "albumid" : 5,
            "artist" : [ "50 Cent" ],
            "artistid" : [ 3 ],
            "comment" : "                            ",
            "disc" : 0,
            "displayartist" : "50 Cent",
            "duration" : 257,
            "fanart" : "image://http%3a%2f%2fassets.fanart.tv%2ffanart%2fmusic%2f8e68819d-71be-4e7d-b41d-f1df81b01d3f%2fartistbackground%2f50-cent-4f9a7cbeae7fe.jpg/",
            "file" : "/home/amsilva/Public/Music/50 Cent/50 Cent - Massacre - 2005/50 Cent - 11 - A Baltimore Love Thing - Massacre.mp3",
            "genre" : [ "Rap & Hip-Hop" ],
            "genreid" : [ 3 ],
            "label" : "A Baltimore Love Thing",
            "lastplayed" : "",
            "lyrics" : "",
            "musicbrainzalbumartistid" : "",
            "musicbrainzalbumid" : "",
            "musicbrainzartistid" : "",
            "musicbrainztrackid" : "",
            "playcount" : 0,
            "rating" : 0,
            "songid" : 49,
            "thumbnail" : "image://%2fhome%2famsilva%2fPublic%2fMusic%2f50%20Cent%2f50%20Cent%20-%20Massacre%20-%202005%2fFolder.jpg/",
            "title" : "A Baltimore Love Thing",
            "track" : 11,
            "year" : 2005
          },
          { "album" : "The Massacre",
            "albumartist" : [ "50 Cent" ],
            "albumartistid" : [ 3 ],
            "albumid" : 5,
            "artist" : [ "50 Cent" ],
            "artistid" : [ 3 ],
            "comment" : "",
            "disc" : 0,
            "displayartist" : "50 Cent",
            "duration" : 232,
            "fanart" : "image://http%3a%2f%2fassets.fanart.tv%2ffanart%2fmusic%2f8e68819d-71be-4e7d-b41d-f1df81b01d3f%2fartistbackground%2f50-cent-4f9a7cbeae7fe.jpg/",
            "file" : "/home/amsilva/Public/Music/50 Cent/50 Cent - Massacre - 2005/50 Cent - 12 - Ryder Music - Massacre.mp3",
            "genre" : [ "Other" ],
            "genreid" : [ 4 ],
            "label" : "Ryder Music",
            "lastplayed" : "",
            "lyrics" : "",
            "musicbrainzalbumartistid" : "",
            "musicbrainzalbumid" : "",
            "musicbrainzartistid" : "",
            "musicbrainztrackid" : "",
            "playcount" : 0,
            "rating" : 0,
            "songid" : 50,
            "thumbnail" : "image://%2fhome%2famsilva%2fPublic%2fMusic%2f50%20Cent%2f50%20Cent%20-%20Massacre%20-%202005%2fFolder.jpg/",
            "title" : "Ryder Music",
            "track" : 12,
            "year" : 2005
          },
          { "album" : "The Massacre",
            "albumartist" : [ "50 Cent" ],
            "albumartistid" : [ 3 ],
            "albumid" : 5,
            "artist" : [ "50 Cent" ],
            "artistid" : [ 3 ],
            "comment" : "",
            "disc" : 0,
            "displayartist" : "50 Cent",
            "duration" : 214,
            "fanart" : "image://http%3a%2f%2fassets.fanart.tv%2ffanart%2fmusic%2f8e68819d-71be-4e7d-b41d-f1df81b01d3f%2fartistbackground%2f50-cent-4f9a7cbeae7fe.jpg/",
            "file" : "/home/amsilva/Public/Music/50 Cent/50 Cent - Massacre - 2005/50 Cent - 13 - Disco Inferno - Massacre.mp3",
            "genre" : [ "Other" ],
            "genreid" : [ 4 ],
            "label" : "Disco Inferno",
            "lastplayed" : "",
            "lyrics" : "",
            "musicbrainzalbumartistid" : "",
            "musicbrainzalbumid" : "",
            "musicbrainzartistid" : "",
            "musicbrainztrackid" : "",
            "playcount" : 0,
            "rating" : 0,
            "songid" : 51,
            "thumbnail" : "image://%2fhome%2famsilva%2fPublic%2fMusic%2f50%20Cent%2f50%20Cent%20-%20Massacre%20-%202005%2fFolder.jpg/",
            "title" : "Disco Inferno",
            "track" : 13,
            "year" : 2005
          },
          { "album" : "The Massacre",
            "albumartist" : [ "50 Cent" ],
            "albumartistid" : [ 3 ],
            "albumid" : 5,
            "artist" : [ "50 Cent" ],
            "artistid" : [ 3 ],
            "comment" : "",
            "disc" : 0,
            "displayartist" : "50 Cent",
            "duration" : 238,
            "fanart" : "image://http%3a%2f%2fassets.fanart.tv%2ffanart%2fmusic%2f8e68819d-71be-4e7d-b41d-f1df81b01d3f%2fartistbackground%2f50-cent-4f9a7cbeae7fe.jpg/",
            "file" : "/home/amsilva/Public/Music/50 Cent/50 Cent - Massacre - 2005/50 Cent - 14 - Just A Lil Bit - Massacre.mp3",
            "genre" : [ "Other" ],
            "genreid" : [ 4 ],
            "label" : "Just A Lil Bit",
            "lastplayed" : "",
            "lyrics" : "",
            "musicbrainzalbumartistid" : "",
            "musicbrainzalbumid" : "",
            "musicbrainzartistid" : "",
            "musicbrainztrackid" : "",
            "playcount" : 0,
            "rating" : 0,
            "songid" : 52,
            "thumbnail" : "image://%2fhome%2famsilva%2fPublic%2fMusic%2f50%20Cent%2f50%20Cent%20-%20Massacre%20-%202005%2fFolder.jpg/",
            "title" : "Just A Lil Bit",
            "track" : 14,
            "year" : 2005
          },
          { "album" : "The Massacre",
            "albumartist" : [ "50 Cent" ],
            "albumartistid" : [ 3 ],
            "albumid" : 5,
            "artist" : [ "50 Cent" ],
            "artistid" : [ 3 ],
            "comment" : "",
            "disc" : 0,
            "displayartist" : "50 Cent",
            "duration" : 265,
            "fanart" : "image://http%3a%2f%2fassets.fanart.tv%2ffanart%2fmusic%2f8e68819d-71be-4e7d-b41d-f1df81b01d3f%2fartistbackground%2f50-cent-4f9a7cbeae7fe.jpg/",
            "file" : "/home/amsilva/Public/Music/50 Cent/50 Cent - Massacre - 2005/50 Cent - 15 - Gunz Come Out - Massacre.mp3",
            "genre" : [ "Other" ],
            "genreid" : [ 4 ],
            "label" : "Gunz Come Out",
            "lastplayed" : "",
            "lyrics" : "",
            "musicbrainzalbumartistid" : "",
            "musicbrainzalbumid" : "",
            "musicbrainzartistid" : "",
            "musicbrainztrackid" : "",
            "playcount" : 0,
            "rating" : 0,
            "songid" : 53,
            "thumbnail" : "image://%2fhome%2famsilva%2fPublic%2fMusic%2f50%20Cent%2f50%20Cent%20-%20Massacre%20-%202005%2fFolder.jpg/",
            "title" : "Gunz Come Out",
            "track" : 15,
            "year" : 2005
          },
          { "album" : "The Massacre",
            "albumartist" : [ "50 Cent" ],
            "albumartistid" : [ 3 ],
            "albumid" : 5,
            "artist" : [ "50 Cent" ],
            "artistid" : [ 3 ],
            "comment" : "                            ",
            "disc" : 0,
            "displayartist" : "50 Cent",
            "duration" : 225,
            "fanart" : "image://http%3a%2f%2fassets.fanart.tv%2ffanart%2fmusic%2f8e68819d-71be-4e7d-b41d-f1df81b01d3f%2fartistbackground%2f50-cent-4f9a7cbeae7fe.jpg/",
            "file" : "/home/amsilva/Public/Music/50 Cent/50 Cent - Massacre - 2005/50 Cent - 16 - My Toy Soldier - Massacre.mp3",
            "genre" : [ "Other" ],
            "genreid" : [ 4 ],
            "label" : "My Toy Soldier (Feat. Tony Yay",
            "lastplayed" : "",
            "lyrics" : "",
            "musicbrainzalbumartistid" : "",
            "musicbrainzalbumid" : "",
            "musicbrainzartistid" : "",
            "musicbrainztrackid" : "",
            "playcount" : 0,
            "rating" : 0,
            "songid" : 54,
            "thumbnail" : "image://%2fhome%2famsilva%2fPublic%2fMusic%2f50%20Cent%2f50%20Cent%20-%20Massacre%20-%202005%2fFolder.jpg/",
            "title" : "My Toy Soldier (Feat. Tony Yay",
            "track" : 16,
            "year" : 2005
          },
          { "album" : "The Massacre",
            "albumartist" : [ "50 Cent" ],
            "albumartistid" : [ 3 ],
            "albumid" : 5,
            "artist" : [ "50 Cent" ],
            "artistid" : [ 3 ],
            "comment" : "",
            "disc" : 0,
            "displayartist" : "50 Cent",
            "duration" : 192,
            "fanart" : "image://http%3a%2f%2fassets.fanart.tv%2ffanart%2fmusic%2f8e68819d-71be-4e7d-b41d-f1df81b01d3f%2fartistbackground%2f50-cent-4f9a7cbeae7fe.jpg/",
            "file" : "/home/amsilva/Public/Music/50 Cent/50 Cent - Massacre - 2005/50 Cent - 17 - Position of Power - Massacre.mp3",
            "genre" : [ "Other" ],
            "genreid" : [ 4 ],
            "label" : "Position Of Power",
            "lastplayed" : "",
            "lyrics" : "",
            "musicbrainzalbumartistid" : "",
            "musicbrainzalbumid" : "",
            "musicbrainzartistid" : "",
            "musicbrainztrackid" : "",
            "playcount" : 0,
            "rating" : 0,
            "songid" : 55,
            "thumbnail" : "image://%2fhome%2famsilva%2fPublic%2fMusic%2f50%20Cent%2f50%20Cent%20-%20Massacre%20-%202005%2fFolder.jpg/",
            "title" : "Position Of Power",
            "track" : 17,
            "year" : 2005
          },
          { "album" : "The Massacre",
            "albumartist" : [ "50 Cent" ],
            "albumartistid" : [ 3 ],
            "albumid" : 5,
            "artist" : [ "50 Cent" ],
            "artistid" : [ 3 ],
            "comment" : "",
            "disc" : 0,
            "displayartist" : "50 Cent",
            "duration" : 176,
            "fanart" : "image://http%3a%2f%2fassets.fanart.tv%2ffanart%2fmusic%2f8e68819d-71be-4e7d-b41d-f1df81b01d3f%2fartistbackground%2f50-cent-4f9a7cbeae7fe.jpg/",
            "file" : "/home/amsilva/Public/Music/50 Cent/50 Cent - Massacre - 2005/50 Cent - 18 - Build You Up - Massacre.mp3",
            "genre" : [ "Other" ],
            "genreid" : [ 4 ],
            "label" : "Build You Up",
            "lastplayed" : "",
            "lyrics" : "",
            "musicbrainzalbumartistid" : "",
            "musicbrainzalbumid" : "",
            "musicbrainzartistid" : "",
            "musicbrainztrackid" : "",
            "playcount" : 0,
            "rating" : 0,
            "songid" : 56,
            "thumbnail" : "image://%2fhome%2famsilva%2fPublic%2fMusic%2f50%20Cent%2f50%20Cent%20-%20Massacre%20-%202005%2fFolder.jpg/",
            "title" : "Build You Up",
            "track" : 18,
            "year" : 2005
          },
          { "album" : "The Massacre",
            "albumartist" : [ "50 Cent" ],
            "albumartistid" : [ 3 ],
            "albumid" : 5,
            "artist" : [ "50 Cent" ],
            "artistid" : [ 3 ],
            "comment" : "",
            "disc" : 0,
            "displayartist" : "50 Cent",
            "duration" : 182,
            "fanart" : "image://http%3a%2f%2fassets.fanart.tv%2ffanart%2fmusic%2f8e68819d-71be-4e7d-b41d-f1df81b01d3f%2fartistbackground%2f50-cent-4f9a7cbeae7fe.jpg/",
            "file" : "/home/amsilva/Public/Music/50 Cent/50 Cent - Massacre - 2005/50 Cent - 19 - God Gave Me Style - Massacre.mp3",
            "genre" : [ "Other" ],
            "genreid" : [ 4 ],
            "label" : "God Gave Me Style",
            "lastplayed" : "",
            "lyrics" : "",
            "musicbrainzalbumartistid" : "",
            "musicbrainzalbumid" : "",
            "musicbrainzartistid" : "",
            "musicbrainztrackid" : "",
            "playcount" : 0,
            "rating" : 0,
            "songid" : 57,
            "thumbnail" : "image://%2fhome%2famsilva%2fPublic%2fMusic%2f50%20Cent%2f50%20Cent%20-%20Massacre%20-%202005%2fFolder.jpg/",
            "title" : "God Gave Me Style",
            "track" : 19,
            "year" : 2005
          },
          { "album" : "The Massacre",
            "albumartist" : [ "50 Cent" ],
            "albumartistid" : [ 3 ],
            "albumid" : 5,
            "artist" : [ "50 Cent" ],
            "artistid" : [ 3 ],
            "comment" : "                            ",
            "disc" : 0,
            "displayartist" : "50 Cent",
            "duration" : 197,
            "fanart" : "image://http%3a%2f%2fassets.fanart.tv%2ffanart%2fmusic%2f8e68819d-71be-4e7d-b41d-f1df81b01d3f%2fartistbackground%2f50-cent-4f9a7cbeae7fe.jpg/",
            "file" : "/home/amsilva/Public/Music/50 Cent/50 Cent - Massacre - 2005/50 Cent - 20 - So Amazing - Massacre.mp3",
            "genre" : [ "Other" ],
            "genreid" : [ 4 ],
            "label" : "So Amazing (Feat. Olivia)",
            "lastplayed" : "",
            "lyrics" : "",
            "musicbrainzalbumartistid" : "",
            "musicbrainzalbumid" : "",
            "musicbrainzartistid" : "",
            "musicbrainztrackid" : "",
            "playcount" : 0,
            "rating" : 0,
            "songid" : 58,
            "thumbnail" : "image://%2fhome%2famsilva%2fPublic%2fMusic%2f50%20Cent%2f50%20Cent%20-%20Massacre%20-%202005%2fFolder.jpg/",
            "title" : "So Amazing (Feat. Olivia)",
            "track" : 20,
            "year" : 2005
          },
          { "album" : "The Massacre",
            "albumartist" : [ "50 Cent" ],
            "albumartistid" : [ 3 ],
            "albumid" : 5,
            "artist" : [ "50 Cent" ],
            "artistid" : [ 3 ],
            "comment" : "",
            "disc" : 0,
            "displayartist" : "50 Cent",
            "duration" : 201,
            "fanart" : "image://http%3a%2f%2fassets.fanart.tv%2ffanart%2fmusic%2f8e68819d-71be-4e7d-b41d-f1df81b01d3f%2fartistbackground%2f50-cent-4f9a7cbeae7fe.jpg/",
            "file" : "/home/amsilva/Public/Music/50 Cent/50 Cent - Massacre - 2005/50 Cent - 21 - I Don't Need 'Em - Massacre.mp3",
            "genre" : [ "Other" ],
            "genreid" : [ 4 ],
            "label" : "I Don't Need 'Em",
            "lastplayed" : "",
            "lyrics" : "",
            "musicbrainzalbumartistid" : "",
            "musicbrainzalbumid" : "",
            "musicbrainzartistid" : "",
            "musicbrainztrackid" : "",
            "playcount" : 0,
            "rating" : 0,
            "songid" : 59,
            "thumbnail" : "image://%2fhome%2famsilva%2fPublic%2fMusic%2f50%20Cent%2f50%20Cent%20-%20Massacre%20-%202005%2fFolder.jpg/",
            "title" : "I Don't Need 'Em",
            "track" : 21,
            "year" : 2005
          },
          { "album" : "The Massacre",
            "albumartist" : [ "50 Cent" ],
            "albumartistid" : [ 3 ],
            "albumid" : 5,
            "artist" : [ "50 Cent" ],
            "artistid" : [ 3 ],
            "comment" : "",
            "disc" : 0,
            "displayartist" : "50 Cent",
            "duration" : 264,
            "fanart" : "image://http%3a%2f%2fassets.fanart.tv%2ffanart%2fmusic%2f8e68819d-71be-4e7d-b41d-f1df81b01d3f%2fartistbackground%2f50-cent-4f9a7cbeae7fe.jpg/",
            "file" : "/home/amsilva/Public/Music/50 Cent/50 Cent - Massacre - 2005/50 Cent - 22 - Hate It or Love It - Massacre.mp3",
            "genre" : [ "Other" ],
            "genreid" : [ 4 ],
            "label" : "Hate It or Love It [G Unit Rem",
            "lastplayed" : "",
            "lyrics" : "",
            "musicbrainzalbumartistid" : "",
            "musicbrainzalbumid" : "",
            "musicbrainzartistid" : "",
            "musicbrainztrackid" : "",
            "playcount" : 0,
            "rating" : 0,
            "songid" : 60,
            "thumbnail" : "image://%2fhome%2famsilva%2fPublic%2fMusic%2f50%20Cent%2f50%20Cent%20-%20Massacre%20-%202005%2fFolder.jpg/",
            "title" : "Hate It or Love It [G Unit Rem",
            "track" : 22,
            "year" : 2005
          },
          { "album" : "Grammy Nominees 2004",
            "albumartist" : [ "Various artists" ],
            "albumartistid" : [ 37 ],
            "albumid" : 235,
            "artist" : [ "50 Cent" ],
            "artistid" : [ 3 ],
            "comment" : "[EMG]",
            "disc" : 0,
            "displayartist" : "50 Cent",
            "duration" : 194,
            "fanart" : "image://http%3a%2f%2fassets.fanart.tv%2ffanart%2fmusic%2f8e68819d-71be-4e7d-b41d-f1df81b01d3f%2fartistbackground%2f50-cent-4f9a7cbeae7fe.jpg/",
            "file" : "/home/amsilva/Public/Music/Grammy Nominees/Grammy Nominees 2004/13. 50 Cent - [EMG] - In Da Club.mp3",
            "genre" : [ "Pop" ],
            "genreid" : [ 6 ],
            "label" : "In da Club",
            "lastplayed" : "",
            "lyrics" : "",
            "musicbrainzalbumartistid" : "",
            "musicbrainzalbumid" : "",
            "musicbrainzartistid" : "",
            "musicbrainztrackid" : "",
            "playcount" : 0,
            "rating" : 0,
            "songid" : 2928,
            "thumbnail" : "image://%2fhome%2famsilva%2fPublic%2fMusic%2fGrammy%20Nominees%2fGrammy%20Nominees%202004%2fFolder.jpg/",
            "title" : "In da Club",
            "track" : 13,
            "year" : 2004
          }
        ]
    }
}