{
  "id": 32,
  "jsonrpc": "2.0",
  "result": {
    "channels": [{
      "broadcastnext": {
        "broadcastid": 47656,
        "cast": "",
        "director": "",
        "endtime": "2015-11-03 19:30:00",
        "episodename": "",
        "episodenum": 0,
        "episodepart": 0,
        "filenameandpath": "pvr://guide/0004/2015-11-03 19:00:00.epg",
        "firstaired": "1970-01-01",
        "genre": ["Other", "Unknown"],
        "hasrecording": false,
        "hastimer": false,
        "imdbnumber": "",
        "isactive": false,
        "originaltitle": "",
        "parentalrating": 0,
        "plot": "A síntese noticiosa sobre o que de mais importante se passou durante o dia. Com apresentação de José Rodrigues dos Santos e João Adelino Faria.",
        "plotoutline": "",
        "progress": 0,
        "progresspercentage": 0.0,
        "rating": 0,
        "recording": "",
        "runtime": "30",
        "starttime": "2015-11-03 19:00:00",
        "title": "Telejornal",
        "wasactive": false,
        "writer": "",
        "year": 0
      },
      "broadcastnow": {
        "broadcastid": 47655,
        "cast": "",
        "director": "",
        "endtime": "2015-11-03 19:00:00",
        "episodename": "",
        "episodenum": 0,
        "episodepart": 0,
        "filenameandpath": "pvr://guide/0004/2015-11-03 18:00:00.epg",
        "firstaired": "1970-01-01",
        "genre": ["Other", "Unknown"],
        "hasrecording": false,
        "hastimer": false,
        "imdbnumber": "",
        "isactive": true,
        "originaltitle": "",
        "parentalrating": 0,
        "plot": "A atualidade diária do nosso país. Portugal em Direto é um espaço de informação nacional apresentado pela jornalista Dina Aguiar.",
        "plotoutline": "",
        "progress": 458,
        "progresspercentage": 14.222222328186035156,
        "rating": 0,
        "recording": "",
        "runtime": "60",
        "starttime": "2015-11-03 18:00:00",
        "title": "Portugal em Direto",
        "wasactive": false,
        "writer": "",
        "year": 0
      },
      "channel": "RTP 1",
      "channelid": 4,
      "channeltype": "tv",
      "hidden": false,
      "label": "RTP 1",
      "lastplayed": "2015-11-03",
      "locked": false,
      "thumbnail": ""
    }, {
      "broadcastnext": {
        "broadcastid": 54436,
        "cast": "",
        "director": "",
        "endtime": "2015-11-03 21:00:00",
        "episodename": "",
        "episodenum": 0,
        "episodepart": 0,
        "filenameandpath": "pvr://guide/0006/2015-11-03 20:08:00.epg",
        "firstaired": "1970-01-01",
        "genre": ["Other", "Unknown"],
        "hasrecording": false,
        "hastimer": false,
        "imdbnumber": "",
        "isactive": false,
        "originaltitle": "",
        "parentalrating": 0,
        "plot": "É Natal na casa dos Lepic. Como todos os anos, a família recebe a visita dos pais de Renaud. Mas rapidamente se percebe que o Bom Papá escondeu certas coisas importantes à Boa Mamã... Na casa dos Bouley, Valérie começou a sua gravidez em grande.",
        "plotoutline": "É Natal na casa dos Lepic. Como todos os anos, a família recebe a visita dos pais de Renaud. Mas rapidamente se percebe que o Bom Papá escondeu certas coisas importantes à Boa Mamã... Na ca...",
        "progress": 0,
        "progresspercentage": 0.0,
        "rating": 0,
        "recording": "",
        "runtime": "52",
        "starttime": "2015-11-03 20:08:00",
        "title": "Pais Desesperados T1 - Ep. 19",
        "wasactive": false,
        "writer": "",
        "year": 0
      },
      "broadcastnow": {
        "broadcastid": 54435,
        "cast": "",
        "director": "",
        "endtime": "2015-11-03 20:08:00",
        "episodename": "",
        "episodenum": 0,
        "episodepart": 0,
        "filenameandpath": "pvr://guide/0006/2015-11-03 15:59:00.epg",
        "firstaired": "1970-01-01",
        "genre": ["Other", "Unknown"],
        "hasrecording": false,
        "hastimer": false,
        "imdbnumber": "",
        "isactive": true,
        "originaltitle": "",
        "parentalrating": 0,
        "plot": "Um mundo de séries de aventura e animação para os mais pequenos. Os desenhos animados mais divertidos e também os heróis de sempre para brincar e jogar com as crianças.",
        "plotoutline": "",
        "progress": 7718,
        "progresspercentage": 51.405620574951171875,
        "rating": 0,
        "recording": "",
        "runtime": "249",
        "starttime": "2015-11-03 15:59:00",
        "title": "Zig Zag",
        "wasactive": false,
        "writer": "",
        "year": 0
      },
      "channel": "RTP 2",
      "channelid": 6,
      "channeltype": "tv",
      "hidden": false,
      "label": "RTP 2",
      "lastplayed": "1970-01-01",
      "locked": false,
      "thumbnail": ""
    }, {
      "broadcastnext": {
        "broadcastid": 50088,
        "cast": "",
        "director": "",
        "endtime": "2015-11-03 20:00:00",
        "episodename": "",
        "episodenum": 0,
        "episodepart": 0,
        "filenameandpath": "pvr://guide/0001/2015-11-03 18:35:00.epg",
        "firstaired": "1970-01-01",
        "genre": ["Other", "Unknown"],
        "hasrecording": false,
        "hastimer": false,
        "imdbnumber": "",
        "isactive": false,
        "originaltitle": "",
        "parentalrating": 0,
        "plot": "Beatriz diz a Murilo que Evandro tem que vê-lo com o relógio no pulso. Silvia interessa-se por Sérgio. Carlos Alberto vai à Souza Rangel para uma reunião com Beatriz. Evandro pede desculpas a Teresa e Estela por causa do vídeo de Rafael e Ivan.",
        "plotoutline": "Beatriz diz a Murilo que Evandro tem que vê-lo com o relógio no pulso. Silvia interessa-se por Sérgio. Carlos Alberto vai à Souza Rangel para uma reunião com Beatriz. Evandro pede desculpas...",
        "progress": 0,
        "progresspercentage": 0.0,
        "rating": 0,
        "recording": "",
        "runtime": "85",
        "starttime": "2015-11-03 18:35:00",
        "title": "Babilónia - Ep. 125",
        "wasactive": false,
        "writer": "",
        "year": 0
      },
      "broadcastnow": {
        "broadcastid": 50087,
        "cast": "",
        "director": "",
        "endtime": "2015-11-03 18:35:00",
        "episodename": "",
        "episodenum": 0,
        "episodepart": 0,
        "filenameandpath": "pvr://guide/0001/2015-11-03 16:00:00.epg",
        "firstaired": "1970-01-01",
        "genre": ["Other", "Unknown"],
        "hasrecording": false,
        "hastimer": false,
        "imdbnumber": "",
        "isactive": true,
        "originaltitle": "",
        "parentalrating": 0,
        "plot": "João Baião e Andreia Rodrigues vão mudar as nossas tardes. Com eles tudo pode acontecer! Surpresas, reencontros, abraços... todos os dias um programa especial.",
        "plotoutline": "",
        "progress": 7658,
        "progresspercentage": 82.5806427001953125,
        "rating": 0,
        "recording": "",
        "runtime": "155",
        "starttime": "2015-11-03 16:00:00",
        "title": "Grande Tarde T2 - Ep. 212",
        "wasactive": false,
        "writer": "",
        "year": 0
      },
      "channel": "SIC",
      "channelid": 1,
      "channeltype": "tv",
      "hidden": false,
      "label": "SIC",
      "lastplayed": "1970-01-01",
      "locked": false,
      "thumbnail": ""
    }, {
      "broadcastnext": {
        "broadcastid": 46764,
        "cast": "",
        "director": "",
        "endtime": "2015-11-03 20:00:00",
        "episodename": "",
        "episodenum": 0,
        "episodepart": 0,
        "filenameandpath": "pvr://guide/0003/2015-11-03 19:13:00.epg",
        "firstaired": "1970-01-01",
        "genre": ["Other", "Unknown"],
        "hasrecording": false,
        "hastimer": false,
        "imdbnumber": "",
        "isactive": false,
        "originaltitle": "",
        "parentalrating": 0,
        "plot": "Acompanhe os resumos do que se passa na Quinta, no Rurality Show que reúne famosos e anónimos num ambiente onde todos são postos à prova.",
        "plotoutline": "",
        "progress": 0,
        "progresspercentage": 0.0,
        "rating": 0,
        "recording": "",
        "runtime": "47",
        "starttime": "2015-11-03 19:13:00",
        "title": "A Quinta: Diário da Tarde",
        "wasactive": false,
        "writer": "",
        "year": 0
      },
      "broadcastnow": {
        "broadcastid": 46763,
        "cast": "",
        "director": "",
        "endtime": "2015-11-03 19:13:00",
        "episodename": "",
        "episodenum": 0,
        "episodepart": 0,
        "filenameandpath": "pvr://guide/0003/2015-11-03 16:00:00.epg",
        "firstaired": "1970-01-01",
        "genre": ["Other", "Unknown"],
        "hasrecording": false,
        "hastimer": false,
        "imdbnumber": "",
        "isactive": true,
        "originaltitle": "",
        "parentalrating": 0,
        "plot": "Fátima Lopes faz-lhe companhia todas as tardes, com um programa muito especial onde a boa disposição da apresentadora nunca irá faltar. Os temas centram-se em todas as áreas da sociedade: a saúde, a família, as finanças, os afetos, os famosos, a moda e as grandes polémicas da atualidade.",
        "plotoutline": "Fátima Lopes faz-lhe companhia todas as tardes, com um programa muito especial onde a boa disposição da apresentadora nunca irá faltar. Os temas centram-se em todas as áreas da sociedade: a...",
        "progress": 7658,
        "progresspercentage": 66.3212432861328125,
        "rating": 0,
        "recording": "",
        "runtime": "193",
        "starttime": "2015-11-03 16:00:00",
        "title": "A Tarde é Sua",
        "wasactive": false,
        "writer": "",
        "year": 0
      },
      "channel": "TVI",
      "channelid": 3,
      "channeltype": "tv",
      "hidden": false,
      "label": "TVI",
      "lastplayed": "1970-01-01",
      "locked": false,
      "thumbnail": ""
    }, {
      "channel": "ARTV",
      "channelid": 2,
      "channeltype": "tv",
      "hidden": false,
      "label": "ARTV",
      "lastplayed": "1970-01-01",
      "locked": false,
      "thumbnail": ""
    }, {
      "channel": "HD",
      "channelid": 5,
      "channeltype": "tv",
      "hidden": false,
      "label": "HD",
      "lastplayed": "1970-01-01",
      "locked": false,
      "thumbnail": ""
    }],
    "limits": {
      "end": 6,
      "start": 0,
      "total": 6
    }
  }
}
