{ "id" : 21,
  "jsonrpc" : "2.0",
  "result" : { "limits" : { "end" : 4,
          "start" : 0,
          "total" : 4
        },
      "musicvideos" : [ { "album" : "True",
            "art" : { "poster" : "image://http%3a%2f%2fwww.theaudiodb.com%2fimages%2fmedia%2falbum%2fthumb%2fxuvrts1380103822.jpg/" },
            "artist" : [ "Avicii" ],
            "dateadded" : "2014-07-31 17:37:33",
            "director" : [ "" ],
            "fanart" : "",
            "file" : "/home/amsilva/Public/Music Videos/Avicii - Hey Brother [Music Video] 1080p [Sbyky].mp4",
            "genre" : [ "House" ],
            "label" : "Hey Brother",
            "lastplayed" : "",
            "musicvideoid" : 1,
            "playcount" : 0,
            "plot" : "\"Hey Brother\" is a dance song by Swedish DJ and producer Avicii from his debut studio album, True (2013). It features uncredited vocals from American bluegrass singer Dan Tyminski, and was written by Avicii, Ash Pournouri, Salem Al Fakir and Vincent Pontare. The song was solicited to Australian radio on 9 October 2013 as a promotional single from True. It was released as the album's third single on 28 October 2013 in Germany, Switzerland and Austria.",
            "resume" : { "position" : 0.0,
                "total" : 0.0
              },
            "runtime" : 263,
            "streamdetails" : { "audio" : [ { "channels" : 2,
                      "codec" : "aac",
                      "language" : "und"
                    } ],
                "subtitle" : [  ],
                "video" : [ { "aspect" : 1.7777780294418334961,
                      "codec" : "avc1",
                      "duration" : 263,
                      "height" : 1080,
                      "stereomode" : "",
                      "width" : 1920
                    } ]
              },
            "studio" : [ "" ],
            "tag" : [  ],
            "thumbnail" : "image://http%3a%2f%2fwww.theaudiodb.com%2fimages%2fmedia%2falbum%2fthumb%2fxuvrts1380103822.jpg/",
            "title" : "Hey Brother",
            "track" : -1,
            "year" : 2013
          },
          { "album" : "Free Me",
            "art" : { "poster" : "image://http%3a%2f%2fwww.theaudiodb.com%2fimages%2fmedia%2falbum%2fthumb%2ftxpryq1342435529.jpg/" },
            "artist" : [ "Emma Bunton" ],
            "dateadded" : "2004-09-19 02:12:38",
            "director" : [ "" ],
            "fanart" : "",
            "file" : "/home/amsilva/Public/Music Videos/Emma Bunton - Maybe (infunk).mpeg",
            "genre" : [ "Pop" ],
            "label" : "Maybe",
            "lastplayed" : "2014-07-31 18:08:10",
            "musicvideoid" : 2,
            "playcount" : 0,
            "plot" : "",
            "resume" : { "position" : 0.0,
                "total" : 0.0
              },
            "runtime" : 224,
            "streamdetails" : { "audio" : [ { "channels" : 2,
                      "codec" : "mp2",
                      "language" : ""
                    } ],
                "subtitle" : [  ],
                "video" : [ { "aspect" : 1.3037040233612060547,
                      "codec" : "mpeg1video",
                      "duration" : 224,
                      "height" : 288,
                      "stereomode" : "",
                      "width" : 352
                    } ]
              },
            "studio" : [ "" ],
            "tag" : [  ],
            "thumbnail" : "image://http%3a%2f%2fwww.theaudiodb.com%2fimages%2fmedia%2falbum%2fthumb%2ftxpryq1342435529.jpg/",
            "title" : "Maybe",
            "track" : -1,
            "year" : 2004
          },
          { "album" : "The Truth About Love",
            "art" : { "poster" : "image://http%3a%2f%2fwww.theaudiodb.com%2fimages%2fmedia%2falbum%2fthumb%2fstwtsy1348513085.jpg/" },
            "artist" : [ "P!nk" ],
            "dateadded" : "2014-07-31 17:38:18",
            "director" : [ "Floria Sigismondi" ],
            "fanart" : "",
            "file" : "/home/amsilva/Public/Music Videos/P!nk Ft. Nate Ruess - Just Give Me A Reason (1080p) x264 [VX] [P2PDL].mp4",
            "genre" : [ "Pop" ],
            "label" : "Try",
            "lastplayed" : "2014-07-31 17:58:29",
            "musicvideoid" : 3,
            "playcount" : 0,
            "plot" : "\"Try\" is a song recorded by American singer songwriter Pink, released as the second single from her sixth studio album, The Truth About Love (2012). It was written by Busbee and Ben West, and produced by Greg Kurstin. The song is a rock ballad, about taking risks with love no matter the consequences.\n\n\"Try\" received mostly positive reviews from music critics who noted that it is one of the standout tracks on the album and called it a hit. Commercially, the song was a success, reaching the top-ten in Australia, Austria, Canada, Germany, Italy, New Zealand, Poland, Spain, Switzerland, the United Kingdom and the United States, while reaching the top-twenty in most countries. The Floria Sigismondi-directed video features shots of a paint-covered Pink and her male counterpart expressing their frustrations through dramatic dance moves.",
            "resume" : { "position" : 0.0,
                "total" : 0.0
              },
            "runtime" : 242,
            "streamdetails" : { "audio" : [ { "channels" : 2,
                      "codec" : "aac",
                      "language" : "und"
                    } ],
                "subtitle" : [  ],
                "video" : [ { "aspect" : 2.4000000953674316406,
                      "codec" : "avc1",
                      "duration" : 242,
                      "height" : 800,
                      "stereomode" : "",
                      "width" : 1920
                    },
                    { "aspect" : 1.0439020395278930664,
                      "codec" : "mjpeg",
                      "duration" : 242,
                      "height" : 410,
                      "stereomode" : "",
                      "width" : 428
                    }
                  ]
              },
            "studio" : [ "" ],
            "tag" : [  ],
            "thumbnail" : "image://http%3a%2f%2fwww.theaudiodb.com%2fimages%2fmedia%2falbum%2fthumb%2fstwtsy1348513085.jpg/",
            "title" : "Try",
            "track" : -1,
            "year" : 2012
          },
          { "album" : "Girl",
            "art" : { "poster" : "image://http%3a%2f%2fwww.theaudiodb.com%2fimages%2fmedia%2falbum%2fthumb%2fg-i-r-l-530f9737c2142.jpg/" },
            "artist" : [ "Pharrell Williams" ],
            "dateadded" : "2014-07-31 18:04:39",
            "director" : [ "" ],
            "fanart" : "",
            "file" : "/home/amsilva/Public/Music Videos/Pharrell Williams - Happy [Music Video] 1080p [Sbyky].MP4",
            "genre" : [ "..." ],
            "label" : "Happy",
            "lastplayed" : "",
            "musicvideoid" : 4,
            "playcount" : 0,
            "plot" : "",
            "resume" : { "position" : 0.0,
                "total" : 0.0
              },
            "runtime" : 247,
            "streamdetails" : { "audio" : [ { "channels" : 2,
                      "codec" : "aac",
                      "language" : "und"
                    } ],
                "subtitle" : [  ],
                "video" : [ { "aspect" : 1.7777780294418334961,
                      "codec" : "avc1",
                      "duration" : 247,
                      "height" : 1080,
                      "stereomode" : "",
                      "width" : 1920
                    } ]
              },
            "studio" : [ "" ],
            "tag" : [  ],
            "thumbnail" : "image://http%3a%2f%2fwww.theaudiodb.com%2fimages%2fmedia%2falbum%2fthumb%2fg-i-r-l-530f9737c2142.jpg/",
            "title" : "Happy",
            "track" : -1,
            "year" : 2014
          }
        ]
    }
}