<?xml version="1.0"?>
<!DOCTYPE module PUBLIC
    "-//Puppy Crawl//DTD Check Configuration 1.2//EN"
    "http://www.puppycrawl.com/dtds/configuration_1_2.dtd">

<!--

  Checkstyle configuration that checks the sun coding conventions from:

    - the Java Language Specification at
      http://java.sun.com/docs/books/jls/second_edition/html/index.html

    - the Sun Code Conventions at http://java.sun.com/docs/codeconv/

    - the Javadoc guidelines at
      http://java.sun.com/j2se/javadoc/writingdoccomments/index.html

    - the JDK Api documentation http://java.sun.com/j2se/docs/api/index.html

    - some best practices
-->

<module name="Checker">
    <!--
        If you set the basedir property below, then all reported file
        names will be relative to the specified directory. See
        http://checkstyle.sourceforge.net/5.x/config.html#Checker

        <property name="basedir" value="${basedir}"/>
    -->

    <!-- Checks that a package-info.java file exists for each package.     -->
    <!-- See http://checkstyle.sf.net/config_javadoc.html#JavadocPackage -->
    <!--<module name="JavadocPackage"/>-->


    <!-- Checks for whitespace                               -->
    <!-- See http://checkstyle.sf.net/config_whitespace.html -->
    <module name="FileTabCharacter"/>

    <!-- Miscellaneous other checks.                   -->
    <!-- See http://checkstyle.sf.net/config_misc.html -->
    <module name="RegexpSingleline">
       <property name="format" value="\s+$"/>
       <property name="minimum" value="0"/>
       <property name="maximum" value="0"/>
       <property name="message" value="Line has trailing spaces."/>
    </module>

    <!-- Filter out Checkstyle warnings that have been suppressed with the @SuppressWarnings annotation -->
    <module name="SuppressWarningsFilter" />

    <module name="TreeWalker">

        <!-- Checks for Javadoc comments.                     -->
        <!-- See http://checkstyle.sf.net/config_javadoc.html -->
        <!--<module name="JavadocMethod"/>-->
        <!--<module name="JavadocType"/>-->
        <!--<module name="JavadocVariable"/>-->
        <!--<module name="JavadocStyle"/>-->


        <!-- Checks for Naming Conventions.                  -->
        <!-- See http://checkstyle.sf.net/config_naming.html -->
        <module name="ConstantName"/>
        <module name="LocalFinalVariableName"/>
        <module name="LocalVariableName"/>
        <module name="MemberName"/>
        <module name="MethodName"/>
        <module name="PackageName"/>
        <module name="ParameterName"/>
        <module name="StaticVariableName">
            <property name="format" value="^[A-Z0-9_]*$" />
        </module>
        <module name="TypeName"/>

        <!-- Checks for imports                              -->
        <!-- See http://checkstyle.sf.net/config_import.html -->
        <module name="IllegalImport"/> <!-- defaults to sun.* packages -->
        <module name="RedundantImport"/>
        <module name="UnusedImports"/>
        <module name="AvoidStarImport" />
        <module name="ImportOrder">
            <property name="option" value="bottom" />
            <property name="groups" value="android,com,junit,net,org,java,javax,*" />
            <property name="separated" value="true" />
            <property name="sortStaticImportsAlphabetically" value="true" />
        </module>

        <!-- Checks for Size Violations.                    -->
        <!-- See http://checkstyle.sf.net/config_sizes.html -->
        <module name="MethodLength"/>
        <module name="ParameterNumber"/>


        <!-- Checks for whitespace                               -->
        <!-- See http://checkstyle.sf.net/config_whitespace.html -->
        <module name="EmptyForIteratorPad"/>
        <module name="GenericWhitespace"/>
        <module name="MethodParamPad"/>
        <module name="NoWhitespaceAfter"/>
        <module name="NoWhitespaceBefore"/>
        <module name="OperatorWrap"/>
        <module name="ParenPad"/>
        <module name="TypecastParenPad"/>
        <module name="WhitespaceAfter">
            <property name="tokens" value="COMMA, SEMI" /> <!-- No whitespace after typecasts -->
        </module>
        <module name="WhitespaceAround">
            <property name="tokens"
                value="ASSIGN, BAND, BAND_ASSIGN, BOR, BOR_ASSIGN, BSR, BSR_ASSIGN, BXOR, BXOR_ASSIGN, COLON, DIV, DIV_ASSIGN, EQUAL, GE, GT, LAND, LE, LITERAL_CATCH, LITERAL_DO, LITERAL_ELSE, LITERAL_FINALLY, LITERAL_FOR, LITERAL_IF, LITERAL_RETURN, LITERAL_SYNCHRONIZED, LITERAL_TRY, LITERAL_WHILE, LOR, LT, MINUS, MINUS_ASSIGN, MOD, MOD_ASSIGN, NOT_EQUAL, PLUS, PLUS_ASSIGN, QUESTION, SL, SLIST, SL_ASSIGN, SR, SR_ASSIGN, STAR, STAR_ASSIGN, TYPE_EXTENSION_AND "/>
        </module>


        <!-- Modifier Checks                                    -->
        <!-- See http://checkstyle.sf.net/config_modifiers.html -->
        <module name="ModifierOrder"/>
        <module name="RedundantModifier"/>


        <!-- Checks for blocks. You know, those {}'s         -->
        <!-- See http://checkstyle.sf.net/config_blocks.html -->
        <module name="AvoidNestedBlocks"/>
        <module name="EmptyBlock">
            <property name="option" value="text"/>
        </module>
        <module name="LeftCurly"/>
        <module name="NeedBraces"/>
        <module name="RightCurly"/>


        <!-- Checks for common coding problems               -->
        <!-- See http://checkstyle.sf.net/config_coding.html -->
        <!--<module name="AvoidInlineConditionals"/> Inline conditionals are fine!-->
        <module name="EmptyStatement"/>
        <module name="EqualsHashCode"/>
        <module name="HiddenField">
            <property name="tokens" value="VARIABLE_DEF"/>
            <property name="ignoreSetter" value="true"/>
            <property name="ignoreConstructorParameter" value="true"/>
        </module>
        <module name="IllegalInstantiation"/>
        <module name="InnerAssignment"/>
        <module name="MagicNumber">
            <!-- 0 is commonly used in length checks. 2 is used to make half.
                 Typing ZERO and TWO sounds stupid -->
            <property name="ignoreNumbers" value="-1, 0, 1, 2"/>
            <property name="ignoreHashCodeMethod" value="true"/>
            <property name="ignoreAnnotation" value="true"/>
        </module>
        <module name="MissingSwitchDefault"/>

        <module name="SimplifyBooleanExpression"/>
        <module name="SimplifyBooleanReturn"/>

        <!-- Checks for class design                         -->
        <!-- See http://checkstyle.sf.net/config_design.html -->
        <module name="FinalClass"/>
        <module name="HideUtilityClassConstructor"/>
        <module name="InterfaceIsType"/>
        <module name="VisibilityModifier">
            <!-- Butter Knife -->
            <property name="ignoreAnnotationCanonicalNames" value="BindArray" />
            <property name="ignoreAnnotationCanonicalNames" value="BindBitmap" />
            <property name="ignoreAnnotationCanonicalNames" value="BindBool" />
            <property name="ignoreAnnotationCanonicalNames" value="BindColor" />
            <property name="ignoreAnnotationCanonicalNames" value="BindDimen" />
            <property name="ignoreAnnotationCanonicalNames" value="BindDrawable" />
            <property name="ignoreAnnotationCanonicalNames" value="BindInt" />
            <property name="ignoreAnnotationCanonicalNames" value="BindString" />
            <property name="ignoreAnnotationCanonicalNames" value="BindView" />
            <property name="ignoreAnnotationCanonicalNames" value="BindViews" />
            <property name="ignoreAnnotationCanonicalNames" value="OnCheckedChanged" />
            <property name="ignoreAnnotationCanonicalNames" value="OnClick" />
            <property name="ignoreAnnotationCanonicalNames" value="OnEditorAction" />
            <property name="ignoreAnnotationCanonicalNames" value="OnFocusChange" />
            <property name="ignoreAnnotationCanonicalNames" value="OnItemClick" />
            <property name="ignoreAnnotationCanonicalNames" value="OnItemLongClick" />
            <property name="ignoreAnnotationCanonicalNames" value="OnItemSelected" />
            <property name="ignoreAnnotationCanonicalNames" value="OnLongClick" />
            <property name="ignoreAnnotationCanonicalNames" value="OnPageChange" />
            <property name="ignoreAnnotationCanonicalNames" value="OnTextChanged" />
            <property name="ignoreAnnotationCanonicalNames" value="OnTouch" />

            <!-- Testing -->
            <property name="ignoreAnnotationCanonicalNames" value="Rule" />
            <property name="ignoreAnnotationCanonicalNames" value="VisibleForTesting" />
        </module>
        <!-- Miscellaneous other checks.                   -->
        <!-- See http://checkstyle.sf.net/config_misc.html -->
        <module name="ArrayTypeStyle"/>
        <!--<module name="FinalParameters"/>-->
        <module name="UpperEll"/>

        <!-- Make the @SuppressWarnings annotations available to Checkstyle -->
        <module name="SuppressWarningsHolder" />

    </module>

</module>
