{ "id" : 21,
  "jsonrpc" : "2.0",
  "result" : { "item" : { "album" : "9",
          "albumartist" : [ "Damien Rice" ],
          "albumartistid" : [ 85 ],
          "albumid" : 128,
          "art" : { "album.thumb" : "image://%2fhome%2famsilva%2fPublic%2fMusic%2fDamien%20Rice%2f9%2fFolder.jpg/",
              "artist.fanart" : "image://http%3a%2f%2fassets.fanart.tv%2ffanart%2fmusic%2f2119beb8-6ac5-4f21-82a4-b831c90c0024%2fartistbackground%2frice-damien-500c58f0ec95c.jpg/"
            },
          "artist" : [ "Damien Rice" ],
          "artistid" : [ 85 ],
          "comment" : "Lamzo",
          "description" : "Damien Rice (born 7 December 1973) is an Irish singer-songwriter, musician and record producer who plays guitar, piano, clarinet and percussion.\nRice was raised in Celbridge, County Kildare, Ireland and began his musical career as a member of the 1990s rock group Juniper. After leaving the band he worked as a farmer in Tuscany and busked throughout Europe before returning to Ireland in 2001 and beginning a solo musical career.\nIn 2002 his debut album O reached #8 on the UK albums chart, won the Shortlist music prize and generated three top-30 singles in the UK. Rice released his second album 9 in 2006 and his songs have appeared in numerous films and television episodes.\nRice's personal activities include musical contributions to charitable projects such as the Songs for Tibet, Freedom Campaign and the Enough Project.",
          "disc" : 0,
          "displayartist" : "Damien Rice",
          "duration" : 224,
          "fanart" : "image://http%3a%2f%2fassets.fanart.tv%2ffanart%2fmusic%2f2119beb8-6ac5-4f21-82a4-b831c90c0024%2fartistbackground%2frice-damien-500c58f0ec95c.jpg/",
          "file" : "/home/amsilva/Public/Music/Damien Rice/9/01. 9 Crimes.mp3",
          "genre" : [ "Alternative" ],
          "genreid" : [ 16 ],
          "id" : 1660,
          "label" : "9 Crimes",
          "lastplayed" : "",
          "lyrics" : "",
          "mood" : [ "Cathartic",
              "Earnest",
              "Bittersweet",
              "Intimate",
              "Melancholy",
              "Sentimental",
              "Passionate",
              "Reflective",
              "Searching",
              "Wistful",
              "Amiable/Good-Natured"
            ],
          "musicbrainzalbumartistid" : "",
          "musicbrainzalbumid" : "",
          "musicbrainzartistid" : "",
          "musicbrainztrackid" : "",
          "playcount" : 0,
          "rating" : 0,
          "style" : [ "Alternative Folk",
              "Alternative Singer/Songwriter",
              "Alternative/Indie Rock",
              "Contemporary Singer/Songwriter",
              "Contemporary Folk"
            ],
          "thumbnail" : "image://%2fhome%2famsilva%2fPublic%2fMusic%2fDamien%20Rice%2f9%2fFolder.jpg/",
          "title" : "9 Crimes",
          "track" : 1,
          "type" : "song",
          "year" : 2006
        } }
}
