{
  "id": 32,
  "jsonrpc": "2.0",
  "result": {
    "broadcasts": [{
      "broadcastid": 47654,
      "endtime": "2015-11-03 18:00:00",
      "episodename": "",
      "episodenum": 0,
      "episodepart": 0,
      "firstaired": "1970-01-01",
      "genre": ["Other", "Unknown"],
      "hastimer": false,
      "isactive": false,
      "label": "Agora Nós",
      "parentalrating": 0,
      "plot": "As tardes estão cheias de surpresas, jogos, dicas, alegria e muito humor. Tânia Ribas de Oliveira e Zé Pedro Vasconcelos vão estar consigo de segunda a sexta no \"Agora Nós\". A eles juntam-se Joana Teles e Tiago Goes Ferreira quer em estúdio, quer no exterior, em reportagem.",
      "plotoutline": "As tardes estão cheias de surpresas, jogos, dicas, alegria e muito humor. Tânia Ribas de Oliveira e Zé Pedro Vasconcelos vão estar consigo de segunda a sexta no \"Agora Nós\". A eles juntam-s...",
      "progress": 8029,
      "progresspercentage": 100.0,
      "rating": 0,
      "runtime": "129",
      "starttime": "2015-11-03 15:51:00",
      "thumbnail": "",
      "title": "Agora Nós",
      "wasactive": true
    }, {
      "broadcastid": 47655,
      "endtime": "2015-11-03 19:00:00",
      "episodename": "",
      "episodenum": 0,
      "episodepart": 0,
      "firstaired": "1970-01-01",
      "genre": ["Other", "Unknown"],
      "hastimer": false,
      "isactive": true,
      "label": "Portugal em Direto",
      "parentalrating": 0,
      "plot": "A atualidade diária do nosso país. Portugal em Direto é um espaço de informação nacional apresentado pela jornalista Dina Aguiar.",
      "plotoutline": "",
      "progress": 289,
      "progresspercentage": 10.666666984558105469,
      "rating": 0,
      "runtime": "60",
      "starttime": "2015-11-03 18:00:00",
      "thumbnail": "",
      "title": "Portugal em Direto",
      "wasactive": false
    }, {
      "broadcastid": 47656,
      "endtime": "2015-11-03 19:30:00",
      "episodename": "",
      "episodenum": 0,
      "episodepart": 0,
      "firstaired": "1970-01-01",
      "genre": ["Other", "Unknown"],
      "hastimer": false,
      "isactive": false,
      "label": "Telejornal",
      "parentalrating": 0,
      "plot": "A síntese noticiosa sobre o que de mais importante se passou durante o dia. Com apresentação de José Rodrigues dos Santos e João Adelino Faria.",
      "plotoutline": "",
      "progress": 0,
      "progresspercentage": 0.0,
      "rating": 0,
      "runtime": "30",
      "starttime": "2015-11-03 19:00:00",
      "thumbnail": "",
      "title": "Telejornal",
      "wasactive": false
    }, {
      "broadcastid": 47657,
      "endtime": "2015-11-03 21:39:00",
      "episodename": "",
      "episodenum": 0,
      "episodepart": 0,
      "firstaired": "1970-01-01",
      "genre": ["Other", "Unknown"],
      "hastimer": false,
      "isactive": false,
      "label": "Benfica x Galatasaray - Liga dos Campeões (Direto)",
      "parentalrating": 0,
      "plot": "Espaço dedicado à transmissão do encontro a contar para a Liga dos Campeões.",
      "plotoutline": "",
      "progress": 0,
      "progresspercentage": 0.0,
      "rating": 0,
      "runtime": "129",
      "starttime": "2015-11-03 19:30:00",
      "thumbnail": "",
      "title": "Benfica x Galatasaray - Liga dos Campeões (Direto)",
      "wasactive": false
    }, {
      "broadcastid": 47658,
      "endtime": "2015-11-03 22:58:00",
      "episodename": "",
      "episodenum": 0,
      "episodepart": 0,
      "firstaired": "1970-01-01",
      "genre": ["Other", "Unknown"],
      "hastimer": false,
      "isactive": false,
      "label": "Futebol: Liga dos Campeões (Resumos)",
      "parentalrating": 0,
      "plot": "Espaço dedicado aos resumos da liga milionária. Os momentos que marcaram cada jogo numa síntese cuidada, ilustrada com as melhores imagens.",
      "plotoutline": "",
      "progress": 0,
      "progresspercentage": 0.0,
      "rating": 0,
      "runtime": "79",
      "starttime": "2015-11-03 21:39:00",
      "thumbnail": "",
      "title": "Futebol: Liga dos Campeões (Resumos)",
      "wasactive": false
    }, {
      "broadcastid": 47659,
      "endtime": "2015-11-04 00:27:00",
      "episodename": "",
      "episodenum": 0,
      "episodepart": 0,
      "firstaired": "1970-01-01",
      "genre": ["Other", "Unknown"],
      "hastimer": false,
      "isactive": false,
      "label": "Treze - Ep. 4",
      "parentalrating": 0,
      "plot": "\"Treze\" é um talk-show semanal moderado por Sílvia Alberto, que conta sempre com a companhia de um painel de convidados que com ela irão elaborar e discutir um ranking sobre o tema em análise, que varia de semana para semana. Um programa que associa o entretenimento à cultura geral e à História, tratados de forma rigorosa mas descontraída.",
      "plotoutline": "\"Treze\" é um talk-show semanal moderado por Sílvia Alberto, que conta sempre com a companhia de um painel de convidados que com ela irão elaborar e discutir um ranking sobre o tema em análi...",
      "progress": 0,
      "progresspercentage": 0.0,
      "rating": 0,
      "runtime": "89",
      "starttime": "2015-11-03 22:58:00",
      "thumbnail": "",
      "title": "Treze - Ep. 4",
      "wasactive": false
    }, {
      "broadcastid": 47660,
      "endtime": "2015-11-04 01:31:00",
      "episodename": "",
      "episodenum": 0,
      "episodepart": 0,
      "firstaired": "1970-01-01",
      "genre": ["Other", "Unknown"],
      "hastimer": false,
      "isactive": false,
      "label": "5 Para a Meia-Noite T11 - Ep. 12",
      "parentalrating": 0,
      "plot": "Verbo: Representar. Rui Unas convida: César Mourão e NTS, na música: Pérola. Boa conversa, convívio, em boa companhia, as noites de tertúlia continuam. Filomena Cautela, Rui Unas e Fernando Alvim, juntam-se a Pedro Fernandes e a Nilton, para a 11ª temporada do \"5 Para a Meia-Noite\".",
      "plotoutline": "Verbo: Representar. Rui Unas convida: César Mourão e NTS, na música: Pérola. Boa conversa, convívio, em boa companhia, as noites de tertúlia continuam.",
      "progress": 0,
      "progresspercentage": 0.0,
      "rating": 0,
      "runtime": "64",
      "starttime": "2015-11-04 00:27:00",
      "thumbnail": "",
      "title": "5 Para a Meia-Noite T11 - Ep. 12",
      "wasactive": false
    }, {
      "broadcastid": 47661,
      "endtime": "2015-11-04 02:11:00",
      "episodename": "",
      "episodenum": 0,
      "episodepart": 0,
      "firstaired": "1970-01-01",
      "genre": ["Other", "Unknown"],
      "hastimer": false,
      "isactive": false,
      "label": "The Flash - Ep. 7",
      "parentalrating": 0,
      "plot": "Flash enfrenta Farooq, conhecido como Blackout, um meta-humano que pode controlar a eletricidade. Durante a batalha, Farroq atinge Flash e drena toda a sua eletricidade, deixando Barry sem os seus poderes.",
      "plotoutline": "Flash enfrenta Farooq, conhecido como Blackout, um meta-humano que pode controlar a eletricidade. Durante a batalha, Farroq atinge Flash e drena toda a sua eletricidade, deixando Barry sem ...",
      "progress": 0,
      "progresspercentage": 0.0,
      "rating": 0,
      "runtime": "40",
      "starttime": "2015-11-04 01:31:00",
      "thumbnail": "",
      "title": "The Flash - Ep. 7",
      "wasactive": false
    }, {
      "broadcastid": 47662,
      "endtime": "2015-11-04 03:11:00",
      "episodename": "",
      "episodenum": 0,
      "episodepart": 0,
      "firstaired": "1970-01-01",
      "genre": ["Other", "Unknown"],
      "hastimer": false,
      "isactive": false,
      "label": "Os Números do Dinheiro",
      "parentalrating": 0,
      "plot": "A economia não é uma ciência exata. O que revelam e o que escondem os números? O sobe e desce da economia. Os grandes negócios. As visões opostas de Teixeira dos Santos, Braga de Macedo e Ricardo Pais Mamede. Com António Peres Metello.",
      "plotoutline": "A economia não é uma ciência exata. O que revelam e o que escondem os números? O sobe e desce da economia. Os grandes negócios. As visões opostas de Teixeira dos Santos, Braga de Macedo e R...",
      "progress": 0,
      "progresspercentage": 0.0,
      "rating": 0,
      "runtime": "60",
      "starttime": "2015-11-04 02:11:00",
      "thumbnail": "",
      "title": "Os Números do Dinheiro",
      "wasactive": false
    }, {
      "broadcastid": 47663,
      "endtime": "2015-11-04 03:54:00",
      "episodename": "",
      "episodenum": 0,
      "episodepart": 0,
      "firstaired": "1970-01-01",
      "genre": ["Other", "Unknown"],
      "hastimer": false,
      "isactive": false,
      "label": "Os Nossos Dias T1 - Ep. 42",
      "parentalrating": 0,
      "plot": "Henrique protesta com Bela porque quer ficar em casa em vez de estar com ela no supermercado. A mãe explica-lhe que ele não pode ficar sozinho em casa e que Filipe também não pode tomar conta dele porque arranjou outro emprego. Henrique diz que assim prefere ir para casa do pai e Bela impõe-lhe que tem de fazer o que ela manda.",
      "plotoutline": "Henrique protesta com Bela porque quer ficar em casa em vez de estar com ela no supermercado. A mãe explica-lhe que ele não pode ficar sozinho em casa e que Filipe também não pode tomar con...",
      "progress": 0,
      "progresspercentage": 0.0,
      "rating": 0,
      "runtime": "43",
      "starttime": "2015-11-04 03:11:00",
      "thumbnail": "",
      "title": "Os Nossos Dias T1 - Ep. 42",
      "wasactive": false
    }, {
      "broadcastid": 47664,
      "endtime": "2015-11-04 05:40:00",
      "episodename": "",
      "episodenum": 0,
      "episodepart": 0,
      "firstaired": "1970-01-01",
      "genre": ["Other", "Unknown"],
      "hastimer": false,
      "isactive": false,
      "label": "Televendas",
      "parentalrating": 0,
      "plot": "Todos os dias, um espaço dedicado a vendas por televisão, em que são feitas demonstrações dos produtos.",
      "plotoutline": "",
      "progress": 0,
      "progresspercentage": 0.0,
      "rating": 0,
      "runtime": "106",
      "starttime": "2015-11-04 03:54:00",
      "thumbnail": "",
      "title": "Televendas",
      "wasactive": false
    }, {
      "broadcastid": 47665,
      "endtime": "2015-11-04 06:30:00",
      "episodename": "",
      "episodenum": 0,
      "episodepart": 0,
      "firstaired": "1970-01-01",
      "genre": ["Other", "Unknown"],
      "hastimer": false,
      "isactive": false,
      "label": "Central Parque",
      "parentalrating": 0,
      "plot": "Com Joana Stichini Vilela e Pedro Rolo Duarte vamos falar das novas tendências multiplataforma. O que se vê, o que se escreve e do que se fala.",
      "plotoutline": "",
      "progress": 0,
      "progresspercentage": 0.0,
      "rating": 0,
      "runtime": "50",
      "starttime": "2015-11-04 05:40:00",
      "thumbnail": "",
      "title": "Central Parque",
      "wasactive": false
    }, {
      "broadcastid": 47666,
      "endtime": "2015-11-04 10:00:00",
      "episodename": "",
      "episodenum": 0,
      "episodepart": 0,
      "firstaired": "1970-01-01",
      "genre": ["Other", "Unknown"],
      "hastimer": false,
      "isactive": false,
      "label": "Bom Dia Portugal",
      "parentalrating": 0,
      "plot": "Espaço informativo, com as primeiras notícias do dia, a partir das 6h30. Apresentado por Carla Trafaria e João Tomé de Carvalho.",
      "plotoutline": "",
      "progress": 0,
      "progresspercentage": 0.0,
      "rating": 0,
      "runtime": "210",
      "starttime": "2015-11-04 06:30:00",
      "thumbnail": "",
      "title": "Bom Dia Portugal",
      "wasactive": false
    }, {
      "broadcastid": 47667,
      "endtime": "2015-11-04 13:00:00",
      "episodename": "",
      "episodenum": 0,
      "episodepart": 0,
      "firstaired": "1970-01-01",
      "genre": ["Other", "Unknown"],
      "hastimer": false,
      "isactive": false,
      "label": "A Praça",
      "parentalrating": 0,
      "plot": "Jorge Gabriel, Sónia Araújo, Hélder Reis e Catarina Camacho chegam todas as manhãs com o programa “A Praça”. Um programa onde se cruzam amizades e gerações. Gente de todas as áreas e portugueses de todo o mundo. Manhãs divertidas e informativas, com rubricas de saúde e moda, culinária, estética, jardinagem e a decoração da casa.",
      "plotoutline": "Jorge Gabriel, Sónia Araújo, Hélder Reis e Catarina Camacho chegam todas as manhãs com o programa “A Praça”. Um programa onde se cruzam amizades e gerações. Gente de todas as áreas e portug...",
      "progress": 0,
      "progresspercentage": 0.0,
      "rating": 0,
      "runtime": "180",
      "starttime": "2015-11-04 10:00:00",
      "thumbnail": "",
      "title": "A Praça",
      "wasactive": false
    }, {
      "broadcastid": 47668,
      "endtime": "2015-11-04 14:30:00",
      "episodename": "",
      "episodenum": 0,
      "episodepart": 0,
      "firstaired": "1970-01-01",
      "genre": ["Other", "Unknown"],
      "hastimer": false,
      "isactive": false,
      "label": "Jornal da Tarde",
      "parentalrating": 0,
      "plot": "As notícias que marcam a atualidade nacional e internacional.",
      "plotoutline": "",
      "progress": 0,
      "progresspercentage": 0.0,
      "rating": 0,
      "runtime": "90",
      "starttime": "2015-11-04 13:00:00",
      "thumbnail": "",
      "title": "Jornal da Tarde",
      "wasactive": false
    }, {
      "broadcastid": 47669,
      "endtime": "2015-11-04 15:45:00",
      "episodename": "",
      "episodenum": 0,
      "episodepart": 0,
      "firstaired": "1970-01-01",
      "genre": ["Other", "Unknown"],
      "hastimer": false,
      "isactive": false,
      "label": "Os Nossos Dias T2 - Ep. 146",
      "parentalrating": 0,
      "plot": "Francisco informa os colaboradores que o cliente exigiu que a campanha fosse retirada e que nem quer ouvir falar no nome da agência. Tiago quer assumir a responsabilidade mas Francisco diz-lhe que não há nada a fazer. Sofia fica com remorsos mas não assume a responsabilidade.",
      "plotoutline": "Francisco informa os colaboradores que o cliente exigiu que a campanha fosse retirada e que nem quer ouvir falar no nome da agência. Tiago quer assumir a responsabilidade mas Francisco diz-...",
      "progress": 0,
      "progresspercentage": 0.0,
      "rating": 0,
      "runtime": "75",
      "starttime": "2015-11-04 14:30:00",
      "thumbnail": "",
      "title": "Os Nossos Dias T2 - Ep. 146",
      "wasactive": false
    }, {
      "broadcastid": 47670,
      "endtime": "2015-11-04 18:00:00",
      "episodename": "",
      "episodenum": 0,
      "episodepart": 0,
      "firstaired": "1970-01-01",
      "genre": ["Other", "Unknown"],
      "hastimer": false,
      "isactive": false,
      "label": "Agora Nós",
      "parentalrating": 0,
      "plot": "As tardes estão cheias de surpresas, jogos, dicas, alegria e muito humor. Tânia Ribas de Oliveira e Zé Pedro Vasconcelos vão estar consigo de segunda a sexta no \"Agora Nós\". A eles juntam-se Joana Teles e Tiago Goes Ferreira quer em estúdio, quer no exterior, em reportagem.",
      "plotoutline": "As tardes estão cheias de surpresas, jogos, dicas, alegria e muito humor. Tânia Ribas de Oliveira e Zé Pedro Vasconcelos vão estar consigo de segunda a sexta no \"Agora Nós\". A eles juntam-s...",
      "progress": 0,
      "progresspercentage": 0.0,
      "rating": 0,
      "runtime": "135",
      "starttime": "2015-11-04 15:45:00",
      "thumbnail": "",
      "title": "Agora Nós",
      "wasactive": false
    }, {
      "broadcastid": 47671,
      "endtime": "2015-11-04 19:00:00",
      "episodename": "",
      "episodenum": 0,
      "episodepart": 0,
      "firstaired": "1970-01-01",
      "genre": ["Other", "Unknown"],
      "hastimer": false,
      "isactive": false,
      "label": "Portugal em Direto",
      "parentalrating": 0,
      "plot": "A atualidade diária do nosso país. Portugal em Direto é um espaço de informação nacional apresentado pela jornalista Dina Aguiar.",
      "plotoutline": "",
      "progress": 0,
      "progresspercentage": 0.0,
      "rating": 0,
      "runtime": "60",
      "starttime": "2015-11-04 18:00:00",
      "thumbnail": "",
      "title": "Portugal em Direto",
      "wasactive": false
    }, {
      "broadcastid": 47672,
      "endtime": "2015-11-04 20:00:00",
      "episodename": "",
      "episodenum": 0,
      "episodepart": 0,
      "firstaired": "1970-01-01",
      "genre": ["Other", "Unknown"],
      "hastimer": false,
      "isactive": false,
      "label": "O Preço Certo",
      "parentalrating": 0,
      "plot": "Um dos concursos mais famosos da Europa com um ambiente elétrico onde quem se senta na plateia é convidado a jogar. Um programa de entretenimento com um caráter informativo sobre os preços de mercado e sobre novos produtos. Junte-se a Fernando Mendes e divirta-se!",
      "plotoutline": "Um dos concursos mais famosos da Europa com um ambiente elétrico onde quem se senta na plateia é convidado a jogar. Um programa de entretenimento com um caráter informativo sobre os preços ...",
      "progress": 0,
      "progresspercentage": 0.0,
      "rating": 0,
      "runtime": "60",
      "starttime": "2015-11-04 19:00:00",
      "thumbnail": "",
      "title": "O Preço Certo",
      "wasactive": false
    }, {
      "broadcastid": 47673,
      "endtime": "2015-11-04 21:15:00",
      "episodename": "",
      "episodenum": 0,
      "episodepart": 0,
      "firstaired": "1970-01-01",
      "genre": ["Other", "Unknown"],
      "hastimer": false,
      "isactive": false,
      "label": "Telejornal",
      "parentalrating": 0,
      "plot": "A síntese noticiosa sobre o que de mais importante se passou durante o dia. Com apresentação de José Rodrigues dos Santos e João Adelino Faria.",
      "plotoutline": "",
      "progress": 0,
      "progresspercentage": 0.0,
      "rating": 0,
      "runtime": "75",
      "starttime": "2015-11-04 20:00:00",
      "thumbnail": "",
      "title": "Telejornal",
      "wasactive": false
    }, {
      "broadcastid": 47674,
      "endtime": "2015-11-04 21:45:00",
      "episodename": "",
      "episodenum": 0,
      "episodepart": 0,
      "firstaired": "1970-01-01",
      "genre": ["Other", "Unknown"],
      "hastimer": false,
      "isactive": false,
      "label": "Bem-vindos a Beirais T4 - Ep. 194",
      "parentalrating": 0,
      "plot": "Agostinho está de ressaca devido ao jantar em que esteve com Manel, Tozé e Fernando. Estes fazem troça dele e Fernando mostra o vídeo que fizeram onde Agostinho, bêbado, não diz coisa com coisa. Na rádio, Carlos anuncia que a Beirais FM vai criar uma vaga para estágio e que os candidatos se devem dirigir à sociedade recreativa.",
      "plotoutline": "Agostinho está de ressaca devido ao jantar em que esteve com Manel, Tozé e Fernando. Estes fazem troça dele e Fernando mostra o vídeo que fizeram onde Agostinho, bêbado, não diz coisa com c...",
      "progress": 0,
      "progresspercentage": 0.0,
      "rating": 0,
      "runtime": "30",
      "starttime": "2015-11-04 21:15:00",
      "thumbnail": "",
      "title": "Bem-vindos a Beirais T4 - Ep. 194",
      "wasactive": false
    }, {
      "broadcastid": 47675,
      "endtime": "2015-11-04 23:15:00",
      "episodename": "",
      "episodenum": 0,
      "episodepart": 0,
      "firstaired": "1970-01-01",
      "genre": ["Other", "Unknown"],
      "hastimer": false,
      "isactive": false,
      "label": "Futebol: Liga dos Campeões (Resumos)",
      "parentalrating": 0,
      "plot": "Espaço dedicado aos resumos da liga milionária. Os momentos que marcaram cada jogo numa síntese cuidada, ilustrada com as melhores imagens.",
      "plotoutline": "",
      "progress": 0,
      "progresspercentage": 0.0,
      "rating": 0,
      "runtime": "90",
      "starttime": "2015-11-04 21:45:00",
      "thumbnail": "",
      "title": "Futebol: Liga dos Campeões (Resumos)",
      "wasactive": false
    }, {
      "broadcastid": 47676,
      "endtime": "2015-11-05 00:30:00",
      "episodename": "",
      "episodenum": 0,
      "episodepart": 0,
      "firstaired": "1970-01-01",
      "genre": ["Other", "Unknown"],
      "hastimer": false,
      "isactive": false,
      "label": "A Arte Elétrica em Portugal - Ep. 2",
      "parentalrating": 0,
      "plot": "Hoje: \"Progressivo vs Punk\". Uma série que convida à reflexão sobre os últimos 50 anos na música popular portuguesa.",
      "plotoutline": "",
      "progress": 0,
      "progresspercentage": 0.0,
      "rating": 0,
      "runtime": "75",
      "starttime": "2015-11-04 23:15:00",
      "thumbnail": "",
      "title": "A Arte Elétrica em Portugal - Ep. 2",
      "wasactive": false
    }, {
      "broadcastid": 47677,
      "endtime": "2015-11-05 01:30:00",
      "episodename": "",
      "episodenum": 0,
      "episodepart": 0,
      "firstaired": "1970-01-01",
      "genre": ["Other", "Unknown"],
      "hastimer": false,
      "isactive": false,
      "label": "5 Para a Meia-Noite T11 - Ep. 13",
      "parentalrating": 0,
      "plot": "Verbo Representar. Filomena Cautela convida: Álvaro Costa e David Fonseca. Boa conversa, convívio, em boa companhia, as noites de tertúlia continuam. Filomena Cautela, Rui Unas e Fernando Alvim, juntam-se a Pedro Fernandes e a Nilton, para a 11ª temporada do \"5 Para a Meia-Noite\".",
      "plotoutline": "Verbo Representar. Filomena Cautela convida: Álvaro Costa e David Fonseca. Boa conversa, convívio, em boa companhia, as noites de tertúlia continuam.",
      "progress": 0,
      "progresspercentage": 0.0,
      "rating": 0,
      "runtime": "60",
      "starttime": "2015-11-05 00:30:00",
      "thumbnail": "",
      "title": "5 Para a Meia-Noite T11 - Ep. 13",
      "wasactive": false
    }, {
      "broadcastid": 47678,
      "endtime": "2015-11-05 02:15:00",
      "episodename": "",
      "episodenum": 0,
      "episodepart": 0,
      "firstaired": "1970-01-01",
      "genre": ["Other", "Unknown"],
      "hastimer": false,
      "isactive": false,
      "label": "The Flash - Ep. 8",
      "parentalrating": 0,
      "plot": "Barry fica empolgado quando Oliver, Felicity e Diggle chegam a Central City para investigar um caso relacionado com um bumerangue mortal. Feliz por se juntar ao amigo, Barry pede a Oliver para o ajudar a parar Ray Bivolo, o meta-humano que Barry procura.",
      "plotoutline": "Barry fica empolgado quando Oliver, Felicity e Diggle chegam a Central City para investigar um caso relacionado com um bumerangue mortal. Feliz por se juntar ao amigo, Barry pede a Oliver p...",
      "progress": 0,
      "progresspercentage": 0.0,
      "rating": 0,
      "runtime": "45",
      "starttime": "2015-11-05 01:30:00",
      "thumbnail": "",
      "title": "The Flash - Ep. 8",
      "wasactive": false
    }, {
      "broadcastid": 47679,
      "endtime": "2015-11-05 03:15:00",
      "episodename": "",
      "episodenum": 0,
      "episodepart": 0,
      "firstaired": "1970-01-01",
      "genre": ["Other", "Unknown"],
      "hastimer": false,
      "isactive": false,
      "label": "Grande Entrevista",
      "parentalrating": 0,
      "plot": "Todas as semanas, um protagonista da vida portuguesa responde às perguntas de Vitor Gonçalves.",
      "plotoutline": "",
      "progress": 0,
      "progresspercentage": 0.0,
      "rating": 0,
      "runtime": "60",
      "starttime": "2015-11-05 02:15:00",
      "thumbnail": "",
      "title": "Grande Entrevista",
      "wasactive": false
    }, {
      "broadcastid": 47680,
      "endtime": "2015-11-05 04:00:00",
      "episodename": "",
      "episodenum": 0,
      "episodepart": 0,
      "firstaired": "1970-01-01",
      "genre": ["Other", "Unknown"],
      "hastimer": false,
      "isactive": false,
      "label": "Os Nossos Dias T1 - Ep. 43",
      "parentalrating": 0,
      "plot": "João conversa com o pai sobre a difícil situação do País e Manuel está cético, não acreditando que o desemprego diminua e que ele e Patrícia consigam arranjar emprego. Laura junta-se a eles e, como é habitual, começa a criticar patrícia por nunca estar em casa com eles.",
      "plotoutline": "João conversa com o pai sobre a difícil situação do País e Manuel está cético, não acreditando que o desemprego diminua e que ele e Patrícia consigam arranjar emprego. Laura junta-se a eles...",
      "progress": 0,
      "progresspercentage": 0.0,
      "rating": 0,
      "runtime": "45",
      "starttime": "2015-11-05 03:15:00",
      "thumbnail": "",
      "title": "Os Nossos Dias T1 - Ep. 43",
      "wasactive": false
    }, {
      "broadcastid": 47681,
      "endtime": "2015-11-05 06:00:00",
      "episodename": "",
      "episodenum": 0,
      "episodepart": 0,
      "firstaired": "1970-01-01",
      "genre": ["Other", "Unknown"],
      "hastimer": false,
      "isactive": false,
      "label": "Televendas",
      "parentalrating": 0,
      "plot": "Todos os dias, um espaço dedicado a vendas por televisão, em que são feitas demonstrações dos produtos.",
      "plotoutline": "",
      "progress": 0,
      "progresspercentage": 0.0,
      "rating": 0,
      "runtime": "120",
      "starttime": "2015-11-05 04:00:00",
      "thumbnail": "",
      "title": "Televendas",
      "wasactive": false
    }, {
      "broadcastid": 47682,
      "endtime": "2015-11-05 06:30:00",
      "episodename": "",
      "episodenum": 0,
      "episodepart": 0,
      "firstaired": "1970-01-01",
      "genre": ["Other", "Unknown"],
      "hastimer": false,
      "isactive": false,
      "label": "Sabia Que?",
      "parentalrating": 0,
      "plot": "Daniel Catalão apresenta \"Sabia que?\", um programa sobre curiosidades do dia a dia.",
      "plotoutline": "",
      "progress": 0,
      "progresspercentage": 0.0,
      "rating": 0,
      "runtime": "30",
      "starttime": "2015-11-05 06:00:00",
      "thumbnail": "",
      "title": "Sabia Que?",
      "wasactive": false
    }, {
      "broadcastid": 47683,
      "endtime": "2015-11-05 10:00:00",
      "episodename": "",
      "episodenum": 0,
      "episodepart": 0,
      "firstaired": "1970-01-01",
      "genre": ["Other", "Unknown"],
      "hastimer": false,
      "isactive": false,
      "label": "Bom Dia Portugal",
      "parentalrating": 0,
      "plot": "Espaço informativo, com as primeiras notícias do dia, a partir das 6h30. Apresentado por Carla Trafaria e João Tomé de Carvalho.",
      "plotoutline": "",
      "progress": 0,
      "progresspercentage": 0.0,
      "rating": 0,
      "runtime": "210",
      "starttime": "2015-11-05 06:30:00",
      "thumbnail": "",
      "title": "Bom Dia Portugal",
      "wasactive": false
    }, {
      "broadcastid": 47684,
      "endtime": "2015-11-05 13:00:00",
      "episodename": "",
      "episodenum": 0,
      "episodepart": 0,
      "firstaired": "1970-01-01",
      "genre": ["Other", "Unknown"],
      "hastimer": false,
      "isactive": false,
      "label": "A Praça",
      "parentalrating": 0,
      "plot": "Jorge Gabriel, Sónia Araújo, Hélder Reis e Catarina Camacho chegam todas as manhãs com o programa “A Praça”. Um programa onde se cruzam amizades e gerações. Gente de todas as áreas e portugueses de todo o mundo. Manhãs divertidas e informativas, com rubricas de saúde e moda, culinária, estética, jardinagem e a decoração da casa.",
      "plotoutline": "Jorge Gabriel, Sónia Araújo, Hélder Reis e Catarina Camacho chegam todas as manhãs com o programa “A Praça”. Um programa onde se cruzam amizades e gerações. Gente de todas as áreas e portug...",
      "progress": 0,
      "progresspercentage": 0.0,
      "rating": 0,
      "runtime": "180",
      "starttime": "2015-11-05 10:00:00",
      "thumbnail": "",
      "title": "A Praça",
      "wasactive": false
    }, {
      "broadcastid": 47685,
      "endtime": "2015-11-05 14:30:00",
      "episodename": "",
      "episodenum": 0,
      "episodepart": 0,
      "firstaired": "1970-01-01",
      "genre": ["Other", "Unknown"],
      "hastimer": false,
      "isactive": false,
      "label": "Jornal da Tarde",
      "parentalrating": 0,
      "plot": "As notícias que marcam a atualidade nacional e internacional.",
      "plotoutline": "",
      "progress": 0,
      "progresspercentage": 0.0,
      "rating": 0,
      "runtime": "90",
      "starttime": "2015-11-05 13:00:00",
      "thumbnail": "",
      "title": "Jornal da Tarde",
      "wasactive": false
    }, {
      "broadcastid": 47686,
      "endtime": "2015-11-05 15:45:00",
      "episodename": "",
      "episodenum": 0,
      "episodepart": 0,
      "firstaired": "1970-01-01",
      "genre": ["Other", "Unknown"],
      "hastimer": false,
      "isactive": false,
      "label": "Os Nossos Dias T2 - Ep. 147",
      "parentalrating": 0,
      "plot": "Assim que Conceição se ausenta, Bernardo não resiste e vai à oficina de Jacinto. Lá vê uma esmeralda e não resiste. Agarra nela e coloca-a na mochila. Quando Conceição regressa à sala, Bernardo disfarça. Francisco continua a ser bombardeado pelos telefonemas e a presença dos jornalistas.",
      "plotoutline": "Assim que Conceição se ausenta, Bernardo não resiste e vai à oficina de Jacinto. Lá vê uma esmeralda e não resiste. Agarra nela e coloca-a na mochila. Quando Conceição regressa à sala, Bern...",
      "progress": 0,
      "progresspercentage": 0.0,
      "rating": 0,
      "runtime": "75",
      "starttime": "2015-11-05 14:30:00",
      "thumbnail": "",
      "title": "Os Nossos Dias T2 - Ep. 147",
      "wasactive": false
    }, {
      "broadcastid": 47687,
      "endtime": "2015-11-05 18:00:00",
      "episodename": "",
      "episodenum": 0,
      "episodepart": 0,
      "firstaired": "1970-01-01",
      "genre": ["Other", "Unknown"],
      "hastimer": false,
      "isactive": false,
      "label": "Agora Nós",
      "parentalrating": 0,
      "plot": "As tardes estão cheias de surpresas, jogos, dicas, alegria e muito humor. Tânia Ribas de Oliveira e Zé Pedro Vasconcelos vão estar consigo de segunda a sexta no \"Agora Nós\". A eles juntam-se Joana Teles e Tiago Goes Ferreira quer em estúdio, quer no exterior, em reportagem.",
      "plotoutline": "As tardes estão cheias de surpresas, jogos, dicas, alegria e muito humor. Tânia Ribas de Oliveira e Zé Pedro Vasconcelos vão estar consigo de segunda a sexta no \"Agora Nós\". A eles juntam-s...",
      "progress": 0,
      "progresspercentage": 0.0,
      "rating": 0,
      "runtime": "135",
      "starttime": "2015-11-05 15:45:00",
      "thumbnail": "",
      "title": "Agora Nós",
      "wasactive": false
    }, {
      "broadcastid": 47688,
      "endtime": "2015-11-05 19:15:00",
      "episodename": "",
      "episodenum": 0,
      "episodepart": 0,
      "firstaired": "1970-01-01",
      "genre": ["Other", "Unknown"],
      "hastimer": false,
      "isactive": false,
      "label": "Portugal em Direto",
      "parentalrating": 0,
      "plot": "A atualidade diária do nosso país. Portugal em Direto é um espaço de informação nacional apresentado pela jornalista Dina Aguiar.",
      "plotoutline": "",
      "progress": 0,
      "progresspercentage": 0.0,
      "rating": 0,
      "runtime": "75",
      "starttime": "2015-11-05 18:00:00",
      "thumbnail": "",
      "title": "Portugal em Direto",
      "wasactive": false
    }, {
      "broadcastid": 47689,
      "endtime": "2015-11-05 20:00:00",
      "episodename": "",
      "episodenum": 0,
      "episodepart": 0,
      "firstaired": "1970-01-01",
      "genre": ["Other", "Unknown"],
      "hastimer": false,
      "isactive": false,
      "label": "O Preço Certo",
      "parentalrating": 0,
      "plot": "Um dos concursos mais famosos da Europa com um ambiente elétrico onde quem se senta na plateia é convidado a jogar. Um programa de entretenimento com um caráter informativo sobre os preços de mercado e sobre novos produtos. Junte-se a Fernando Mendes e divirta-se!",
      "plotoutline": "Um dos concursos mais famosos da Europa com um ambiente elétrico onde quem se senta na plateia é convidado a jogar. Um programa de entretenimento com um caráter informativo sobre os preços ...",
      "progress": 0,
      "progresspercentage": 0.0,
      "rating": 0,
      "runtime": "45",
      "starttime": "2015-11-05 19:15:00",
      "thumbnail": "",
      "title": "O Preço Certo",
      "wasactive": false
    }, {
      "broadcastid": 47690,
      "endtime": "2015-11-05 20:45:00",
      "episodename": "",
      "episodenum": 0,
      "episodepart": 0,
      "firstaired": "1970-01-01",
      "genre": ["Other", "Unknown"],
      "hastimer": false,
      "isactive": false,
      "label": "Telejornal",
      "parentalrating": 0,
      "plot": "A síntese noticiosa sobre o que de mais importante se passou durante o dia. Com apresentação de José Rodrigues dos Santos e João Adelino Faria.",
      "plotoutline": "",
      "progress": 0,
      "progresspercentage": 0.0,
      "rating": 0,
      "runtime": "45",
      "starttime": "2015-11-05 20:00:00",
      "thumbnail": "",
      "title": "Telejornal",
      "wasactive": false
    }, {
      "broadcastid": 47691,
      "endtime": "2015-11-05 21:40:00",
      "episodename": "",
      "episodenum": 0,
      "episodepart": 0,
      "firstaired": "1970-01-01",
      "genre": ["Other", "Unknown"],
      "hastimer": false,
      "isactive": false,
      "label": "As Palavras e os Atos",
      "parentalrating": 0,
      "plot": "Programa de debate político, com moderação de Carlos Daniel . É um espaço aberto a todas as forças políticas, não apenas às que estão representadas no parlamento mas também a outras que estão a emergir. O painel de convidados é definido semanalmente de acordo com o tema do programa.",
      "plotoutline": "Programa de debate político, com moderação de Carlos Daniel . É um espaço aberto a todas as forças políticas, não apenas às que estão representadas no parlamento mas também a outras que est...",
      "progress": 0,
      "progresspercentage": 0.0,
      "rating": 0,
      "runtime": "55",
      "starttime": "2015-11-05 20:45:00",
      "thumbnail": "",
      "title": "As Palavras e os Atos",
      "wasactive": false
    }, {
      "broadcastid": 47692,
      "endtime": "2015-11-05 21:45:00",
      "episodename": "",
      "episodenum": 0,
      "episodepart": 0,
      "firstaired": "1970-01-01",
      "genre": ["Other", "Unknown"],
      "hastimer": false,
      "isactive": false,
      "label": "Fatura da Sorte",
      "parentalrating": 0,
      "plot": "O concurso que vai premiar os portugueses que pedem faturas com número de contribuinte. Todas as semanas, o sorteio de um automóvel, que tem por finalidade \"valorizar e premiar a cidadania fiscal dos contribuintes no combate à economia paralela e à evasão fiscal\".",
      "plotoutline": "O concurso que vai premiar os portugueses que pedem faturas com número de contribuinte. Todas as semanas, o sorteio de um automóvel, que tem por finalidade \"valorizar e premiar a cidadania ...",
      "progress": 0,
      "progresspercentage": 0.0,
      "rating": 0,
      "runtime": "5",
      "starttime": "2015-11-05 21:40:00",
      "thumbnail": "",
      "title": "Fatura da Sorte",
      "wasactive": false
    }, {
      "broadcastid": 47693,
      "endtime": "2015-11-05 22:30:00",
      "episodename": "",
      "episodenum": 0,
      "episodepart": 0,
      "firstaired": "1970-01-01",
      "genre": ["Other", "Unknown"],
      "hastimer": false,
      "isactive": false,
      "label": "Bem-vindos a Beirais T4 - Ep. 195",
      "parentalrating": 0,
      "plot": "Alzira serve cafés a Joaquim e Moisés que se queixam do negócio pois as pessoas não querem morrer, ao contrário é fácil para ela porquanto as pessoas precisam de comer. Alzira incentiva-os a fazerem qualquer coisa por Beirais, pois dinheiro chama dinheiro. Eles ficaram encantados com a ideia e saem do minimercado.",
      "plotoutline": "Alzira serve cafés a Joaquim e Moisés que se queixam do negócio pois as pessoas não querem morrer, ao contrário é fácil para ela porquanto as pessoas precisam de comer. Alzira incentiva-os ...",
      "progress": 0,
      "progresspercentage": 0.0,
      "rating": 0,
      "runtime": "45",
      "starttime": "2015-11-05 21:45:00",
      "thumbnail": "",
      "title": "Bem-vindos a Beirais T4 - Ep. 195",
      "wasactive": false
    }, {
      "broadcastid": 47694,
      "endtime": "2015-11-05 23:45:00",
      "episodename": "",
      "episodenum": 0,
      "episodepart": 0,
      "firstaired": "1970-01-01",
      "genre": ["Other", "Unknown"],
      "hastimer": false,
      "isactive": false,
      "label": "Quem Quer Ser Milionário - Alta Pressão",
      "parentalrating": 0,
      "plot": "Quem Quer Ser Milionário é o rei dos concursos de cultura geral e de conhecimento. Alta Pressão, é uma nova versão, apresentado por José Carlos Malato.",
      "plotoutline": "",
      "progress": 0,
      "progresspercentage": 0.0,
      "rating": 0,
      "runtime": "75",
      "starttime": "2015-11-05 22:30:00",
      "thumbnail": "",
      "title": "Quem Quer Ser Milionário - Alta Pressão",
      "wasactive": false
    }, {
      "broadcastid": 47695,
      "endtime": "2015-11-06 00:45:00",
      "episodename": "",
      "episodenum": 0,
      "episodepart": 0,
      "firstaired": "1970-01-01",
      "genre": ["Other", "Unknown"],
      "hastimer": false,
      "isactive": false,
      "label": "5 Para a Meia-Noite T11 - Ep. 14",
      "parentalrating": 0,
      "plot": "Verbo Representar. Hoje com Pedro Fernandes. Boa conversa, convívio, em boa companhia, as noites de tertúlia continuam. Filomena Cautela, Rui Unas e Fernando Alvim, juntam-se a Pedro Fernandes e a Nilton, para a 11ª temporada do \"5 Para a Meia-Noite\".",
      "plotoutline": "Verbo Representar. Hoje com Pedro Fernandes. Boa conversa, convívio, em boa companhia, as noites de tertúlia continuam. Filomena Cautela, Rui Unas e Fernando Alvim, juntam-se a Pedro Fernandes e a Nilton, par...",
      "progress": 0,
      "progresspercentage": 0.0,
      "rating": 0,
      "runtime": "60",
      "starttime": "2015-11-05 23:45:00",
      "thumbnail": "",
      "title": "5 Para a Meia-Noite T11 - Ep. 14",
      "wasactive": false
    }, {
      "broadcastid": 47696,
      "endtime": "2015-11-06 01:30:00",
      "episodename": "",
      "episodenum": 0,
      "episodepart": 0,
      "firstaired": "1970-01-01",
      "genre": ["Other", "Unknown"],
      "hastimer": false,
      "isactive": false,
      "label": "The Flash - Ep. 9",
      "parentalrating": 0,
      "plot": "Barry depara-se com o seu inimigo, mais conhecido como Flash Reverso, aquele que matou a sua mãe. Barry sente-se frustrado quando ele escapa, mas o Dr. Wells e Cisco arquitetam um plano para o capturar. Tudo o que precisam é de um isco, e entram em contacto com a Dra. Tina McGee, do Laboratório Mercury, para pedir ajuda.",
      "plotoutline": "Barry depara-se com o seu inimigo, mais conhecido como Flash Reverso, aquele que matou a sua mãe. Barry sente-se frustrado quando ele escapa, mas o Dr. Wells e Cisco arquitetam um plano par...",
      "progress": 0,
      "progresspercentage": 0.0,
      "rating": 0,
      "runtime": "45",
      "starttime": "2015-11-06 00:45:00",
      "thumbnail": "",
      "title": "The Flash - Ep. 9",
      "wasactive": false
    }, {
      "broadcastid": 47697,
      "endtime": "2015-11-06 02:30:00",
      "episodename": "",
      "episodenum": 0,
      "episodepart": 0,
      "firstaired": "1970-01-01",
      "genre": ["Other", "Unknown"],
      "hastimer": false,
      "isactive": false,
      "label": "Ainda Bem Que Vieste!",
      "parentalrating": 0,
      "plot": "Ao fim de semana, há mais tempo para conversar e para ouvir. Na sala de estar da RTP Informação, o jornalista Nuno Azinheira, recebe uma figura conhecida para uma conversa informal e descontraída. Da televisão ao cinema, da política ao desporto, do teatro à música, da sociedade às letras, há gente com histórias de vida interessantes para contar.",
      "plotoutline": "Ao fim de semana, há mais tempo para conversar e para ouvir. Na sala de estar da RTP Informação, o jornalista Nuno Azinheira, recebe uma figura conhecida para uma conversa informal e descon...",
      "progress": 0,
      "progresspercentage": 0.0,
      "rating": 0,
      "runtime": "60",
      "starttime": "2015-11-06 01:30:00",
      "thumbnail": "",
      "title": "Ainda Bem Que Vieste!",
      "wasactive": false
    }, {
      "broadcastid": 47698,
      "endtime": "2015-11-06 04:00:00",
      "episodename": "",
      "episodenum": 0,
      "episodepart": 0,
      "firstaired": "1970-01-01",
      "genre": ["Other", "Unknown"],
      "hastimer": false,
      "isactive": false,
      "label": "Os Nossos Dias T1 - Ep. 44",
      "parentalrating": 0,
      "plot": "Filipe confessa a Bárbara que está decidido a emigrar, pois considera irrecusável o que pode ganhar na Alemanha como trabalhador das obras. A secretária questiona de Bela aceita ir com ele sem o filho e Filipe assume que esse é o grande obstáculo que tem pela frente, temendo ter de escolher entre a família e o trabalho.",
      "plotoutline": "Filipe confessa a Bárbara que está decidido a emigrar, pois considera irrecusável o que pode ganhar na Alemanha como trabalhador das obras. A secretária questiona de Bela aceita ir com ele ...",
      "progress": 0,
      "progresspercentage": 0.0,
      "rating": 0,
      "runtime": "90",
      "starttime": "2015-11-06 02:30:00",
      "thumbnail": "",
      "title": "Os Nossos Dias T1 - Ep. 44",
      "wasactive": false
    }, {
      "broadcastid": 47699,
      "endtime": "2015-11-06 06:00:00",
      "episodename": "",
      "episodenum": 0,
      "episodepart": 0,
      "firstaired": "1970-01-01",
      "genre": ["Other", "Unknown"],
      "hastimer": false,
      "isactive": false,
      "label": "Televendas",
      "parentalrating": 0,
      "plot": "Todos os dias, um espaço dedicado a vendas por televisão, em que são feitas demonstrações dos produtos.",
      "plotoutline": "",
      "progress": 0,
      "progresspercentage": 0.0,
      "rating": 0,
      "runtime": "120",
      "starttime": "2015-11-06 04:00:00",
      "thumbnail": "",
      "title": "Televendas",
      "wasactive": false
    }, {
      "broadcastid": 47700,
      "endtime": "2015-11-06 06:30:00",
      "episodename": "",
      "episodenum": 0,
      "episodepart": 0,
      "firstaired": "1970-01-01",
      "genre": ["Other", "Unknown"],
      "hastimer": false,
      "isactive": false,
      "label": "Visita Guiada T1 - Ep. 3",
      "parentalrating": 0,
      "plot": "O tesouro da Rainha Santa Isabel e o seu túmulo são preciosidades da arte medieval europeia. E contam-nos outras histórias sobre a célebre esposa de D. Dinis. Uma rainha caridosa, sim, mas também muito ligada ao poder e à política.",
      "plotoutline": "O tesouro da Rainha Santa Isabel e o seu túmulo são preciosidades da arte medieval europeia. E contam-nos outras histórias sobre a célebre esposa de D. Dinis. Uma rainha caridosa, sim, mas ...",
      "progress": 0,
      "progresspercentage": 0.0,
      "rating": 0,
      "runtime": "30",
      "starttime": "2015-11-06 06:00:00",
      "thumbnail": "",
      "title": "Visita Guiada T1 - Ep. 3",
      "wasactive": false
    }, {
      "broadcastid": 47701,
      "endtime": "2015-11-06 10:00:00",
      "episodename": "",
      "episodenum": 0,
      "episodepart": 0,
      "firstaired": "1970-01-01",
      "genre": ["Other", "Unknown"],
      "hastimer": false,
      "isactive": false,
      "label": "Bom Dia Portugal",
      "parentalrating": 0,
      "plot": "Espaço informativo, com as primeiras notícias do dia, a partir das 6h30. Apresentado por Carla Trafaria e João Tomé de Carvalho.",
      "plotoutline": "",
      "progress": 0,
      "progresspercentage": 0.0,
      "rating": 0,
      "runtime": "210",
      "starttime": "2015-11-06 06:30:00",
      "thumbnail": "",
      "title": "Bom Dia Portugal",
      "wasactive": false
    }, {
      "broadcastid": 47702,
      "endtime": "2015-11-06 13:00:00",
      "episodename": "",
      "episodenum": 0,
      "episodepart": 0,
      "firstaired": "1970-01-01",
      "genre": ["Other", "Unknown"],
      "hastimer": false,
      "isactive": false,
      "label": "A Praça",
      "parentalrating": 0,
      "plot": "Jorge Gabriel, Sónia Araújo, Hélder Reis e Catarina Camacho chegam todas as manhãs com o programa “A Praça”. Um programa onde se cruzam amizades e gerações. Gente de todas as áreas e portugueses de todo o mundo. Manhãs divertidas e informativas, com rubricas de saúde e moda, culinária, estética, jardinagem e a decoração da casa.",
      "plotoutline": "Jorge Gabriel, Sónia Araújo, Hélder Reis e Catarina Camacho chegam todas as manhãs com o programa “A Praça”. Um programa onde se cruzam amizades e gerações. Gente de todas as áreas e portug...",
      "progress": 0,
      "progresspercentage": 0.0,
      "rating": 0,
      "runtime": "180",
      "starttime": "2015-11-06 10:00:00",
      "thumbnail": "",
      "title": "A Praça",
      "wasactive": false
    }, {
      "broadcastid": 47703,
      "endtime": "2015-11-06 14:30:00",
      "episodename": "",
      "episodenum": 0,
      "episodepart": 0,
      "firstaired": "1970-01-01",
      "genre": ["Other", "Unknown"],
      "hastimer": false,
      "isactive": false,
      "label": "Jornal da Tarde",
      "parentalrating": 0,
      "plot": "As notícias que marcam a atualidade nacional e internacional.",
      "plotoutline": "",
      "progress": 0,
      "progresspercentage": 0.0,
      "rating": 0,
      "runtime": "90",
      "starttime": "2015-11-06 13:00:00",
      "thumbnail": "",
      "title": "Jornal da Tarde",
      "wasactive": false
    }, {
      "broadcastid": 47704,
      "endtime": "2015-11-06 15:45:00",
      "episodename": "",
      "episodenum": 0,
      "episodepart": 0,
      "firstaired": "1970-01-01",
      "genre": ["Other", "Unknown"],
      "hastimer": false,
      "isactive": false,
      "label": "Os Nossos Dias T2 - Ep. 148",
      "parentalrating": 0,
      "plot": "Xana recebe um telefonema de Edgar que foi fazer a entrega das joias roubadas à fundição e sai em pânico a correr. Emília chega a casa e aguarda pela chamada de Edgar. Junto do filho, alega ter ficado a trabalhar até tarde. Edgar chega à pensão apoiado em Xana e ferido no ombro depois de ter levado um tiro de raspão.",
      "plotoutline": "Xana recebe um telefonema de Edgar que foi fazer a entrega das joias roubadas à fundição e sai em pânico a correr. Emília chega a casa e aguarda pela chamada de Edgar. Junto do filho, alega...",
      "progress": 0,
      "progresspercentage": 0.0,
      "rating": 0,
      "runtime": "75",
      "starttime": "2015-11-06 14:30:00",
      "thumbnail": "",
      "title": "Os Nossos Dias T2 - Ep. 148",
      "wasactive": false
    }, {
      "broadcastid": 47705,
      "endtime": "2015-11-06 18:00:00",
      "episodename": "",
      "episodenum": 0,
      "episodepart": 0,
      "firstaired": "1970-01-01",
      "genre": ["Other", "Unknown"],
      "hastimer": false,
      "isactive": false,
      "label": "Agora Nós",
      "parentalrating": 0,
      "plot": "As tardes estão cheias de surpresas, jogos, dicas, alegria e muito humor. Tânia Ribas de Oliveira e Zé Pedro Vasconcelos vão estar consigo de segunda a sexta no \"Agora Nós\". A eles juntam-se Joana Teles e Tiago Goes Ferreira quer em estúdio, quer no exterior, em reportagem.",
      "plotoutline": "As tardes estão cheias de surpresas, jogos, dicas, alegria e muito humor. Tânia Ribas de Oliveira e Zé Pedro Vasconcelos vão estar consigo de segunda a sexta no \"Agora Nós\". A eles juntam-s...",
      "progress": 0,
      "progresspercentage": 0.0,
      "rating": 0,
      "runtime": "135",
      "starttime": "2015-11-06 15:45:00",
      "thumbnail": "",
      "title": "Agora Nós",
      "wasactive": false
    }],
    "limits": {
      "end": 52,
      "start": 0,
      "total": 52
    }
  }
}